projid,study,apoe_genotype,pmi
00009121,MAP ,34,
00021073,ROS ,34,8.016666667
00033027,MAP ,33,
00045071,MAP ,,
00046112,MAP ,,
00130005,MAP ,,
00204228,MAP ,33,
00228190,MAP ,33,
00246264,MAP ,33,7.5
00285563,MAP ,33,6.333333333
00337708,ROS ,,
00381112,ROS ,34,
00402800,MAP ,34,5.5
00470212,ROS ,33,
00482428,MAP ,23,3.933333333
00582981,MAP ,,
00617643,MAP ,33,
00668310,MAP ,33,5.083333333
00696418,MAP ,33,8.083333333
00701662,MAP ,33,
00709354,MAP ,33,
00756793,ROS ,24,3.916666667
00807897,MAP ,33,
00985084,ROS ,34,11
01172523,MAP ,23,
01179886,MAP ,33,
01211411,ROS ,,6.5
01237015,ROS ,33,
01243685,MAP ,33,3.783333333
01250710,MAP ,,
01266704,MAP ,23,
01393350,MAP ,23,
01626306,MAP ,33,
01674624,MAP ,,
01679543,ROS ,,
01738075,MAP ,33,
01797756,MAP ,33,5
01809849,MAP ,34,
01841461,MAP ,33,
01878130,MAP ,33,
02066684,MAP ,,
02105734,ROS ,34,
02108769,MAP ,23,
02125530,ROS ,23,
02136155,MAP ,34,
02158395,MAP ,33,
02188675,MAP ,33,8.5
02371278,MAP ,,
02495739,ROS ,34,7.533333333
02498188,ROS ,,
02518573,MAP ,33,6
02525608,MAP ,33,4.833333333
02657173,MAP ,22,
02673641,MAP ,33,7.25
02695917,MAP ,34,
02732911,MAP ,,
02817047,MAP ,33,4.916666667
02899847,MAP ,33,7.016666667
02904677,MAP ,33,
02910247,ROS ,,
02950975,MAP ,33,
02958667,MAP ,34,5
02959960,MAP ,34,5.75
02967974,MAP ,33,
03052480,MAP ,23,10.58333333
03060782,MAP ,33,
03070130,MAP ,,
03211213,ROS ,33,
03227207,MAP ,33,9.233333333
03283241,MAP ,33,3.633333333
03326467,MAP ,33,
03335936,MAP ,33,
03340627,MAP ,33,
03368115,MAP ,,
03380931,MAP ,23,19.66666667
03425915,MAP ,,
03430444,MAP ,23,14.75
03535538,MAP ,,7.516666667
03700779,MAP ,33,
03713990,MAP ,33,4.333333333
03806878,MAP ,33,7.833333333
03855363,ROS ,33,
03889845,MAP ,34,6.916666667
03902977,MAP ,33,
03918123,MAP ,23,
03971682,MAP ,33,
04127190,MAP ,23,18.16666667
04169712,ROS ,33,
04234940,MAP ,,
04319814,MAP ,33,
04330337,MAP ,23,8.45
04406282,MAP ,33,
04493359,MAP ,33,36.75
04576591,MAP ,23,4.916666667
04645769,ROS ,,
04767750,MAP ,33,
04862682,MAP ,33,
04879843,MAP ,33,3.916666667
04886978,MAP ,44,4.166666667
04941596,MAP ,23,
04947970,MAP ,33,9.083333333
04968529,MAP ,34,
04981936,MAP ,33,7.266666667
04984547,MAP ,33,
05001777,MAP ,33,
05102083,MAP ,23,5.05
05200652,MAP ,33,
05218242,MAP ,33,
05225665,MAP ,33,
05274286,MAP ,,
05296264,MAP ,,
05321052,ROS ,33,
05331374,MAP ,33,6.75
05375330,MAP ,33,
05389430,MAP ,33,
05427601,MAP ,34,
05498462,MAP ,33,4.916666667
05522533,MAP ,33,6.333333333
05537936,MAP ,33,
05577538,MAP ,33,
05587562,MAP ,,
05632732,MAP ,24,10.48333333
05672910,MAP ,,
05689621,MAP ,34,21.2
05708713,MAP ,,
05779736,MAP ,23,4.083333333
05859529,MAP ,33,
05931594,MAP ,33,
06042154,MAP ,,
06073025,MAP ,33,8.5
06107196,MAP ,33,4.166666667
06129174,MAP ,33,
06131380,MAP ,33,4
06138931,MAP ,33,
06152191,MAP ,23,
06272612,MAP ,33,6.916666667
06608444,ROS ,33,
06625341,MAP ,33,
06630618,MAP ,,
06673533,MAP ,,
06702361,MAP ,23,
06764103,MAP ,33,10
06769734,MAP ,33,
06804844,MAP ,24,8.416666667
06858410,ROS ,33,
06881437,MAP ,23,
06893229,ROS ,33,
07042636,MAP ,33,
07053099,MAP ,33,
07096040,MAP ,,
07117738,MAP ,33,18.46666667
07142937,MAP ,23,
07195200,MAP ,33,6.483333333
07219897,ROS ,33,
07253015,MAP ,34,4.166666667
07265221,MAP ,34,5.75
07287209,MAP ,33,5.2
07299965,ROS ,34,8.316666667
07311370,MAP ,33,7.583333333
07479347,ROS ,,
07570491,MAP ,33,5.433333333
07660182,ROS ,,11.41666667
07761236,MAP ,34,10.2
07803023,MAP ,33,
07883803,MAP ,33,7
07937644,ROS ,33,
07985700,MAP ,,16.05
08072948,MAP ,,
08098966,MAP ,33,
08109170,MAP ,23,5.45
08132197,MAP ,23,4.083333333
08205143,ROS ,,
08245033,MAP ,33,
08323356,MAP ,33,
08337320,MAP ,34,
08390339,MAP ,33,
08464714,MAP ,34,
08481297,MAP ,33,
08536593,MAP ,33,7.5
08558869,MAP ,23,
08587260,MAP ,34,
08604620,MAP ,33,
08637647,MAP ,33,5.916666667
08682642,MAP ,33,6.6
08814382,ROS ,24,
08832456,ROS ,33,
08891975,MAP ,33,
08899955,MAP ,34,
08922147,MAP ,,
09032080,MAP ,23,6.75
09044908,MAP ,,
09061779,MAP ,33,6.183333333
09108223,MAP ,33,
09110853,ROS ,23,
09149830,ROS ,33,
09165434,MAP ,33,5
09215361,MAP ,33,
09248090,MAP ,33,
09351224,MAP ,33,17.25
09384403,ROS ,23,
09391376,MAP ,34,6.066666667
09391790,MAP ,24,
09508427,MAP ,34,5.083333333
09536237,MAP ,33,
09542645,MAP ,33,
09605117,MAP ,34,10.75
09610060,MAP ,,
09650662,MAP ,23,3.85
09669681,MAP ,,
09687331,MAP ,34,
09789526,ROS ,,
09790439,MAP ,24,109.5
09841821,MAP ,34,4.3
09875303,ROS ,33,
09892462,MAP ,34,
09896826,MAP ,33,
09986931,MAP ,33,6.833333333
10002167,MAP ,34,5.283333333
10007374,ROS ,33,
10029352,MAP ,33,
10042633,MAP ,44,
10071296,MAP ,,11.25
10093562,MAP ,33,7.416666667
10100150,ROS ,24,11
10100286,ROS ,34,1.066666667
10100312,ROS ,33,34.33333333
10100448,ROS ,23,21
10100574,ROS ,33,22.25
10100600,ROS ,34,
10100736,ROS ,34,15.16666667
10100862,ROS ,34,10.73333333
10100998,ROS ,33,
10101039,ROS ,33,14.16666667
10101165,ROS ,33,7.583333333
10101291,ROS ,23,7.583333333
10101327,ROS ,33,13.25
10101589,ROS ,34,9.916666667
10101615,ROS ,33,
10101741,ROS ,33,14.16666667
10102206,ROS ,33,22.33333333
10116694,ROS ,23,5.75
10149161,ROS ,34,19.83333333
10200901,ROS ,34,16.41666667
10202345,ROS ,34,6.75
10202507,ROS ,34,20.33333333
10202633,ROS ,34,
10203224,ROS ,33,7.25
10204365,ROS ,23,12.23333333
10205244,ROS ,33,15.61666667
10205532,ROS ,44,14.8
10208143,ROS ,33,9.966666667
10216869,ROS ,33,16.91666667
10218177,ROS ,34,22.21666667
10218339,ROS ,33,2.833333333
10221262,ROS ,33,16.81666667
10222303,ROS ,23,
10222853,ROS ,34,4.5
10228075,ROS ,33,5.25
10233504,ROS ,23,
10235948,ROS ,34,11.65
10245134,ROS ,33,14.13333333
10246987,ROS ,33,5
10248033,ROS ,44,17.91666667
10248169,ROS ,34,13.61666667
10249336,ROS ,34,16
10253148,ROS ,33,21.06666667
10253724,ROS ,33,13.91666667
10255456,ROS ,33,15.08333333
10260309,ROS ,34,8.583333333
10261026,ROS ,33,16.66666667
10262879,MAP ,,
10262905,ROS ,24,9.583333333
10263208,ROS ,23,14.11666667
10264637,ROS ,33,
10266369,ROS ,34,4.5
10267798,ROS ,33,13.66666667
10271474,ROS ,33,2.5
10275964,ROS ,33,24.75
10277308,ROS ,34,2.166666667
10284019,ROS ,34,20.88333333
10284569,ROS ,23,
10288185,ROS ,33,3.25
10289776,ROS ,33,
10290265,ROS ,33,20.48333333
10290427,ROS ,24,3.083333333
10291856,ROS ,33,7
10292311,ROS ,33,7.25
10298795,ROS ,33,5
10298957,ROS ,33,3.933333333
10300914,ROS ,33,5.916666667
10308444,ROS ,44,5.916666667
10310236,ROS ,33,6.25
10315029,ROS ,33,6.416666667
10319069,ROS ,33,7.866666667
10336416,ROS ,,
10340228,ROS ,,
10345561,ROS ,33,6.833333333
10359111,ROS ,33,4.85
10371937,MAP ,34,7.733333333
10383017,ROS ,33,6.166666667
10394182,ROS ,33,6.666666667
10395061,ROS ,33,
10395197,ROS ,23,5.5
10395359,ROS ,34,5
10401770,ROS ,34,2.666666667
10405008,ROS ,33,4.333333333
10406301,ROS ,33,
10407154,ROS ,,
10415168,ROS ,34,2.75
10417638,ROS ,33,29
10419072,ROS ,33,4
10422329,MAP ,,63.36666667
10424475,ROS ,44,4
10425642,ROS ,33,3.666666667
10430919,ROS ,44,
10432641,ROS ,34,4.75
10433070,ROS ,23,3.5
10435090,ROS ,33,8
10436131,ROS ,23,4.466666667
10438999,ROS ,33,5.583333333
10439580,ROS ,33,3.5
10442413,ROS ,34,7.75
10442701,ROS ,33,3.666666667
10443392,ROS ,34,
10447620,ROS ,33,4
10459674,ROS ,23,6.5
10460299,ROS ,33,4.25
10460587,ROS ,33,3.666666667
10462057,ROS ,33,3.5
10470809,ROS ,23,
10473384,ROS ,33,5.083333333
10478041,ROS ,33,13.75
10479506,ROS ,33,4.833333333
10479920,ROS ,34,4
10480383,ROS ,34,2.25
10481686,ROS ,23,4
10484873,ROS ,33,4.15
10485914,ROS ,33,6
10488101,ROS ,33,4.75
10490579,ROS ,34,12
10490993,ROS ,33,7
10494519,ROS ,33,3
10495100,ROS ,34,3.5
10499302,ROS ,33,3
10502798,ROS ,34,4.5
10506864,ROS ,23,
10509637,ROS ,33,5.433333333
10510090,ROS ,33,5.016666667
10514454,ROS ,33,16.75
10516212,MAP ,33,5.166666667
10516762,ROS ,33,4.85
10518782,ROS ,33,9
10524640,ROS ,34,5.083333333
10533083,ROS ,33,4
10536568,ROS ,33,15.16666667
10537609,ROS ,33,5.416666667
10538326,ROS ,33,
10539331,ROS ,23,
10551157,ROS ,33,8.583333333
10557081,ROS ,33,5
10572120,ROS ,24,2.25
10574690,ROS ,33,5.583333333
10577337,ROS ,33,18.5
10577887,ROS ,34,16.33333333
10578766,ROS ,23,
10580684,ROS ,34,7.083333333
10589255,ROS ,33,10.25
10606903,ROS ,34,26.5
10660639,ROS ,33,31.16666667
10665684,MAP ,34,
10669174,ROS ,33,7.333333333
10675906,ROS ,23,5.916666667
10684501,ROS ,34,7.333333333
10686233,ROS ,33,18.91666667
10743033,MAP ,,
10788554,MAP ,33,
10825396,ROS ,34,
10850171,ROS ,33,4.083333333
10866165,ROS ,33,10.83333333
10873038,ROS ,33,
10885370,ROS ,34,6.083333333
10901987,ROS ,34,10.63333333
10902992,ROS ,33,9.333333333
10916128,ROS ,33,
10916254,ROS ,,
10929637,ROS ,34,8.633333333
10946408,MAP ,,
10976490,ROS ,33,6.5
10986136,ROS ,34,15.08333333
10989297,MAP ,34,
11030909,ROS ,34,3
11039282,ROS ,33,4.416666667
11045988,ROS ,33,
11069724,ROS ,23,5.333333333
11072071,ROS ,33,85.08333333
11082005,ROS ,33,6.133333333
11086171,MAP ,,21.33333333
11092291,ROS ,34,
11099004,ROS ,23,19.41666667
11104122,ROS ,33,40.23333333
11105137,ROS ,33,12.9
11109465,MAP ,,
11118510,ROS ,33,66
11119101,ROS ,33,20.83333333
11120276,ROS ,33,8.533333333
11130624,MAP ,33,
11145865,ROS ,33,16.7
11157783,ROS ,44,21.41666667
11159965,ROS ,23,8.666666667
11160328,ROS ,33,4.05
11165535,ROS ,33,10.83333333
11166252,ROS ,33,13.78333333
11173549,ROS ,33,7.25
11183735,ROS ,33,
11188366,ROS ,33,5.5
11190734,ROS ,33,5.166666667
11198390,ROS ,33,3
11200195,MAP ,,
11200645,ROS ,33,4.25
11203968,ROS ,,
11205014,ROS ,34,6.083333333
11207908,ROS ,33,
11216503,ROS ,33,3
11229148,ROS ,34,4.166666667
11233086,ROS ,33,12.75
11240247,ROS ,33,5
11241702,ROS ,33,
11258675,ROS ,33,6.25
11259428,ROS ,44,39
11259716,ROS ,33,6
11266139,MAP ,33,8.366666667
11275158,ROS ,24,19
11291338,MAP ,33,8.033333333
11302830,ROS ,34,1.5
11310718,ROS ,33,4.583333333
11310844,ROS ,34,4.5
11313031,ROS ,34,16
11318248,ROS ,33,11.5
11319389,ROS ,33,2.333333333
11320292,MAP ,,8.5
11322762,ROS ,33,15.75
11323939,ROS ,33,9.5
11326252,ROS ,33,3.283333333
11327005,ROS ,23,2.583333333
11331231,ROS ,33,16
11335695,ROS ,33,4
11336574,ROS ,34,3.5
11342432,ROS ,33,2.583333333
11344452,ROS ,33,7.75
11345331,ROS ,33,4.5
11349119,ROS ,33,4.75
11349821,ROS ,33,4.916666667
11350996,ROS ,,32
11353057,ROS ,33,11.03333333
11364960,MAP ,33,
11371707,ROS ,33,2.333333333
11377505,ROS ,34,35.41666667
11384054,ROS ,34,4.75
11389397,ROS ,33,6
11390174,ROS ,33,32
11391189,MAP ,,
11392518,ROS ,33,3.833333333
11395417,ROS ,33,3.166666667
11399321,ROS ,23,2.333333333
11399871,ROS ,23,6.5
11406333,ROS ,,10
11408227,ROS ,33,2.283333333
11409232,ROS ,33,1.333333333
11413170,ROS ,23,8.25
11421184,ROS ,33,19
11426391,ROS ,33,
11430815,ROS ,34,1.25
11434729,ROS ,34,
11436875,ROS ,33,21
11440263,ROS ,34,2.5
11444465,ROS ,33,3.5
11444591,ROS ,34,6.366666667
11446647,ROS ,34,21.5
11446809,ROS ,33,3.416666667
11448667,ROS ,34,6
11453772,ROS ,23,1.116666667
11455530,ROS ,33,14.5
11455792,ROS ,33,5
11459282,ROS ,34,4.5
11460357,ROS ,33,1.5
11464261,ROS ,23,4
11466029,ROS ,23,6.4
11466579,ROS ,33,2.5
11466605,ROS ,24,
11467746,ROS ,33,3.366666667
11469504,ROS ,33,12.5
11471260,ROS ,23,4.666666667
11474033,ROS ,33,17.5
11475462,ROS ,33,5.916666667
11478361,ROS ,33,2
11478659,ROS ,33,4.133333333
11486113,MAP ,33,
11494091,ROS ,34,6
11605894,ROS ,33,14
11606935,ROS ,34,3.916666667
11609672,ROS ,34,17.75
11612505,ROS ,34,5.666666667
11615242,ROS ,33,5.433333333
11616707,ROS ,34,3
11619606,ROS ,23,4.583333333
11624423,ROS ,33,5.716666667
11626867,MAP ,,
11630129,ROS ,33,14.16666667
11630679,ROS ,33,
11630705,ROS ,44,13.83333333
11631558,ROS ,23,5
11632851,ROS ,33,4.983333333
11648421,ROS ,33,8.666666667
11649850,ROS ,33,
11651930,ROS ,23,
11652071,ROS ,33,4.25
11655268,ROS ,23,
11656273,ROS ,33,5.75
11659334,ROS ,33,
11661126,ROS ,33,
11669232,ROS ,33,
11670569,ROS ,,
11677958,ROS ,34,
11681508,ROS ,34,6.166666667
11697592,ROS ,34,9.75
11699350,ROS ,34,
11909863,MAP ,,
12020907,MAP ,,
12022891,ROS ,,
12159997,ROS ,34,21.46666667
12217388,MAP ,,
12264727,ROS ,,
12317427,MAP ,34,
12337359,MAP ,33,
12338076,MAP ,,
12357443,MAP ,33,
12365619,MAP ,33,7.883333333
12368518,MAP ,34,
12622273,MAP ,,
12766954,MAP ,23,
12776140,MAP ,,
12788806,MAP ,33,20.25
12799845,MAP ,33,6.216666667
12820431,ROS ,,
12850397,MAP ,34,
12872825,MAP ,33,92.65
13026999,MAP ,33,
13044513,MAP ,,
13064995,MAP ,34,
13103757,MAP ,23,
13258503,MAP ,34,
13269830,MAP ,33,8.5
13270455,MAP ,,
13282409,MAP ,34,
13346850,MAP ,23,3.933333333
13360984,MAP ,33,46.01666667
13380780,MAP ,33,11.15
13419518,MAP ,33,
13432899,MAP ,33,4.233333333
13447030,MAP ,34,
13462593,MAP ,,
13464351,MAP ,34,
13470219,ROS ,,
13485298,MAP ,23,8.5
13515617,MAP ,,
13633244,MAP ,33,
13635552,MAP ,33,
13666711,MAP ,33,19.38333333
13738338,MAP ,,11.85
13743579,MAP ,23,
13747771,MAP ,33,7.15
13755811,ROS ,24,
13885104,MAP ,34,
13890895,MAP ,,
13939071,MAP ,33,
13942030,MAP ,,20
13998626,MAP ,33,
14030021,MAP ,34,8.316666667
14050539,MAP ,24,
14074375,MAP ,34,
14184286,MAP ,23,11.41666667
14221578,MAP ,,
14393933,MAP ,34,25.41666667
14397423,MAP ,33,6
14410843,ROS ,,4.5
14452889,MAP ,34,9
14458137,MAP ,23,
14487402,MAP ,33,
14498577,MAP ,22,8.916666667
14536586,MAP ,33,
14575759,MAP ,33,
14641578,ROS ,34,7.416666667
14642033,MAP ,,
14696573,MAP ,34,7.683333333
14726154,MAP ,33,16.16666667
14782198,MAP ,,
14817724,ROS ,33,
14861002,MAP ,34,
14871874,MAP ,22,
14958056,ROS ,33,
15003546,MAP ,33,13.6
15011686,ROS ,23,
15101241,ROS ,34,
15103261,ROS ,34,6.866666667
15108504,ROS ,33,
15110134,ROS ,33,3
15111013,ROS ,23,
15113169,ROS ,33,5.5
15114174,ROS ,33,5.083333333
15115927,ROS ,33,10.08333333
15121461,ROS ,34,5.833333333
15138884,ROS ,23,7.666666667
15139925,ROS ,34,4.75
15141429,ROS ,33,7.65
15143863,ROS ,33,3.916666667
15144878,ROS ,33,3.666666667
15146050,ROS ,34,5.5
15147641,ROS ,33,5.5
15148520,ROS ,34,4.45
15161351,ROS ,33,7.483333333
15166270,ROS ,33,
15175325,ROS ,33,4.916666667
15176592,ROS ,33,6.25
15178486,ROS ,33,5.15
15179365,ROS ,34,3
15182748,ROS ,33,19.58333333
15193075,ROS ,33,10.21666667
15196262,ROS ,33,12.43333333
15196424,ROS ,33,
15196848,ROS ,34,6.916666667
15218541,MAP ,34,8.833333333
15227272,MAP ,,
15269182,MAP ,33,
15286377,MAP ,33,3.5
15302308,MAP ,33,
15304328,MAP ,24,
15366746,MAP ,,
15373321,MAP ,23,38.08333333
15376482,MAP ,33,
15387421,MAP ,34,8.833333333
15411330,ROS ,34,
15413198,ROS ,33,8.233333333
15420223,ROS ,33,7.416666667
15436055,ROS ,34,16
15461128,ROS ,33,0.75
15470309,ROS ,33,
15483818,ROS ,23,6.366666667
15493842,ROS ,23,10.86666667
15495024,ROS ,33,6.216666667
15523135,MAP ,,
15532442,ROS ,33,13.5
15548986,MAP ,33,
15656453,MAP ,33,
15690969,MAP ,33,
15702926,ROS ,34,16.41666667
15706704,ROS ,22,4.283333333
15707133,ROS ,33,4.15
15712086,ROS ,33,7
15738428,ROS ,33,2.333333333
15739271,ROS ,33,19
15763627,ROS ,34,13.46666667
15769399,ROS ,33,3.166666667
15769713,MAP ,,
15773499,ROS ,34,13.41666667
15778868,ROS ,33,16.83333333
15780948,ROS ,33,
15797073,ROS ,23,4.833333333
15831042,ROS ,34,
15844425,ROS ,23,8
15846869,ROS ,33,19.41666667
15857934,ROS ,23,
15867382,MAP ,,
15897112,ROS ,33,
15909755,ROS ,,
15938020,MAP ,33,
15976864,MAP ,,
16019850,MAP ,34,
16029910,MAP ,33,7.816666667
16047796,MAP ,34,
16064431,MAP ,33,
16068769,MAP ,34,8.133333333
16117843,ROS ,34,
16136058,MAP ,33,
16162262,ROS ,,
16207822,MAP ,34,4.583333333
16212351,MAP ,34,5.166666667
16215962,MAP ,23,
16235506,MAP ,33,9.116666667
16238829,MAP ,33,
16265624,MAP ,44,6.5
16268497,MAP ,,6
16273890,MAP ,,
16286309,ROS ,,14.25
16288167,MAP ,33,10.16666667
16322424,MAP ,33,10.66666667
16350496,ROS ,33,
16351663,ROS ,,
16403934,MAP ,33,
16422149,MAP ,,
16446147,MAP ,34,
16513683,MAP ,34,7.083333333
16583691,MAP ,33,6.166666667
16597115,MAP ,34,
16621574,MAP ,23,6.916666667
16662767,MAP ,,
16716896,MAP ,33,
16718942,ROS ,,
16733667,MAP ,34,
16835690,MAP ,33,
16854481,MAP ,,
16879494,MAP ,,6.1
17041894,MAP ,33,
17044379,ROS ,23,
17053686,ROS ,,
17072053,ROS ,33,
17073194,ROS ,33,6.166666667
17092697,ROS ,,
17106836,ROS ,,
17151093,MAP ,33,5.766666667
17166496,MAP ,34,
17219510,MAP ,34,5.25
17233356,MAP ,33,9.25
17255334,MAP ,23,
17259824,MAP ,,
17260313,MAP ,33,5.833333333
17345449,MAP ,33,43.55
17375017,MAP ,,22.33333333
17394510,MAP ,,8.666666667
17413576,MAP ,34,
17497710,MAP ,33,
17615774,MAP ,33,8
17659730,MAP ,23,
17668209,ROS ,33,
17677642,ROS ,,
17705889,MAP ,23,4.483333333
17712202,MAP ,33,5.033333333
17713343,MAP ,,
17827744,MAP ,44,
17863982,MAP ,,5.7
17929065,MAP ,33,8.583333333
17974060,MAP ,23,
17974222,MAP ,,
18014283,MAP ,24,
18018359,MAP ,,
18024055,MAP ,,
18112988,MAP ,33,
18126826,MAP ,34,
18219966,MAP ,33,5.35
18228723,ROS ,,
18293524,MAP ,33,
18301541,MAP ,23,
18308066,MAP ,,
18393249,MAP ,,
18414513,MAP ,33,3.083333333
18446237,MAP ,,6.183333333
18455382,MAP ,44,7.266666667
18487844,ROS ,,
18500138,ROS ,44,10.16666667
18500390,MAP ,33,21.5
18584660,ROS ,33,
18611216,MAP ,23,
18643192,MAP ,33,7.266666667
18659212,MAP ,33,6.8
18740882,MAP ,33,
18840471,ROS ,22,
18882093,MAP ,34,
18910654,MAP ,34,
18920002,MAP ,23,6.766666667
18932470,ROS ,33,36.58333333
18942080,MAP ,23,
18948888,MAP ,33,
18951685,MAP ,,9.733333333
19114228,MAP ,34,
19241874,MAP ,34,
19325445,MAP ,23,
19362850,ROS ,33,
19367355,MAP ,34,
19429100,MAP ,23,11.11666667
19436947,MAP ,,
19460005,MAP ,33,
19543111,ROS ,33,7.583333333
19606719,MAP ,34,
19621010,ROS ,33,
19644391,ROS ,33,13.25
19651714,MAP ,,
19721447,MAP ,33,
19785885,MAP ,33,6.666666667
19791031,MAP ,,
19852619,MAP ,33,
19897716,MAP ,33,
19924524,MAP ,,
19928140,MAP ,33,
19989265,ROS ,33,
19994956,MAP ,33,
20046260,MAP ,33,36.9
20088044,MAP ,,
20102505,ROS ,34,5.083333333
20104101,ROS ,23,4.5
20105242,ROS ,33,7.5
20106383,ROS ,44,2.6
20108141,ROS ,33,4.5
20109020,ROS ,33,19.25
20109994,ROS ,33,3.083333333
20110221,ROS ,34,
20110807,ROS ,23,51.5
20112377,ROS ,34,5.083333333
20113418,ROS ,34,
20114009,ROS ,33,3.25
20115276,ROS ,34,13.63333333
20120255,ROS ,33,17.83333333
20120679,ROS ,23,16
20124321,ROS ,23,1.583333333
20124619,ROS ,33,8.166666667
20128523,ROS ,33,3.033333333
20130577,ROS ,33,8.25
20130865,ROS ,23,
20131870,ROS ,34,12.7
20133764,ROS ,33,5
20139562,ROS ,34,17.41666667
20139850,ROS ,33,3.833333333
20141228,ROS ,34,6
20143248,ROS ,33,3.333333333
20147026,ROS ,33,3
20147440,ROS ,34,4.083333333
20148879,ROS ,34,4.166666667
20149910,ROS ,23,3.25
20151388,ROS ,33,5.416666667
20152393,ROS ,33,1.75
20153010,ROS ,44,11.41666667
20153272,ROS ,33,
20153308,ROS ,33,14.5
20153858,ROS ,33,22.58333333
20153984,ROS ,33,24.08333333
20154287,ROS ,23,2.75
20156469,ROS ,23,13
20160019,ROS ,34,10.33333333
20162877,ROS ,33,28.16666667
20164059,ROS ,34,10.66666667
20165190,ROS ,33,13
20170043,ROS ,33,4.25
20170179,ROS ,33,18.75
20170917,ROS ,34,7
20171346,ROS ,33,7.5
20171508,ROS ,34,9
20171922,ROS ,33,9.25
20173104,ROS ,33,4.75
20173816,MAP ,,7.316666667
20173942,ROS ,34,18.16666667
20174533,ROS ,33,3.666666667
20177306,ROS ,34,
20177982,ROS ,34,4.216666667
20178159,ROS ,33,14.58333333
20178447,ROS ,34,13.91666667
20179164,ROS ,33,5.333333333
20180815,ROS ,33,4.333333333
20185734,MAP ,33,
20185860,ROS ,33,8.083333333
20186901,ROS ,33,4.833333333
20187042,ROS ,33,12.91666667
20187204,ROS ,34,12.16666667
20191566,ROS ,34,3.916666667
20194465,ROS ,33,3.7
20195344,ROS ,33,5
20197076,ROS ,34,21
20197364,ROS ,33,5.416666667
20197652,ROS ,33,
20201189,ROS ,24,4
20201891,ROS ,33,7.833333333
20201927,ROS ,33,12.33333333
20202806,ROS ,33,7.333333333
20204114,ROS ,33,6.666666667
20204538,ROS ,33,2.916666667
20205705,ROS ,33,29.58333333
20207013,ROS ,23,4.166666667
20207437,ROS ,33,4.916666667
20208992,ROS ,33,6.166666667
20209619,ROS ,33,11.75
20212416,ROS ,33,
20214850,ROS ,34,4.416666667
20218890,ROS ,33,
20219643,ROS ,23,18.91666667
20219931,ROS ,33,2.966666667
20220420,ROS ,23,5.333333333
20221273,ROS ,33,4.083333333
20222990,ROS ,33,
20223455,ROS ,33,23
20223617,ROS ,33,10.08333333
20224046,ROS ,33,9.5
20224208,ROS ,33,
20225051,ROS ,34,10.66666667
20225925,ROS ,24,3.55
20229253,ROS ,34,
20232186,ROS ,23,16.91666667
20232474,ROS ,34,7.5
20233939,ROS ,33,3.833333333
20234818,ROS ,34,13.9
20235373,ROS ,33,34.33333333
20236838,ROS ,33,7.966666667
20237131,ROS ,33,13.58333333
20239863,ROS ,33,11.91666667
20240514,ROS ,33,2.75
20242958,ROS ,33,4.216666667
20244554,ROS ,33,3.083333333
20248206,ROS ,33,13.16666667
20249897,ROS ,33,16.71666667
20251391,ROS ,33,7.583333333
20251553,ROS ,33,11.5
20252720,ROS ,34,4.083333333
20254164,ROS ,33,18.66666667
20254290,ROS ,33,5.666666667
20254326,ROS ,33,5.166666667
20254452,ROS ,34,9.75
20254588,ROS ,33,12.91666667
20254614,ROS ,33,23.85
20254740,ROS ,33,20.83333333
20254876,ROS ,33,8.083333333
20254902,ROS ,33,4.583333333
20257937,ROS ,23,3.416666667
20258528,ROS ,33,
20260284,ROS ,33,19
20260734,ROS ,34,8.666666667
20260860,ROS ,33,
20261037,ROS ,34,7.25
20261613,ROS ,23,16.33333333
20261901,ROS ,33,7.75
20263921,ROS ,33,17.58333333
20264512,ROS ,33,10.05
20264936,ROS ,33,3.583333333
20265491,ROS ,34,8.233333333
20266118,ROS ,33,7.316666667
20266406,ROS ,33,17.9
20267411,ROS ,33,14.86666667
20267709,ROS ,33,5.166666667
20268976,ROS ,34,15.03333333
20270768,ROS ,23,4.333333333
20270920,ROS ,23,14.96666667
20271359,ROS ,33,18.33333333
20274410,ROS ,33,5
20275399,ROS ,33,3.583333333
20276430,ROS ,34,
20278324,ROS ,24,35.66666667
20279627,ROS ,33,
20280666,ROS ,33,4.4
20281833,ROS ,34,
20282398,ROS ,34,4.083333333
20282974,ROS ,24,13.83333333
20283691,ROS ,33,13.53333333
20285459,ROS ,33,
20288196,ROS ,34,7.5
20291605,ROS ,33,4.833333333
20293913,ROS ,33,
20294342,ROS ,33,20.16666667
20297403,ROS ,34,17.41666667
20297791,ROS ,33,10
20298256,ROS ,33,10.08333333
20298832,ROS ,34,
20299973,ROS ,33,12.38333333
20300213,ROS ,33,6.333333333
20311676,ROS ,34,4.583333333
20312979,ROS ,23,33.5
20327084,ROS ,33,3.5
20328701,ROS ,24,4
20331760,ROS ,34,5.25
20339740,ROS ,33,5.533333333
20344143,ROS ,33,3.666666667
20348895,ROS ,33,7.833333333
20355470,ROS ,33,
20358955,ROS ,33,5.666666667
20365116,ROS ,24,4
20366419,ROS ,33,6.416666667
20368015,ROS ,34,6
20368565,ROS ,33,11.66666667
20368989,MAP ,33,6.65
20371236,ROS ,33,4.966666667
20372539,ROS ,44,3.666666667
20376029,ROS ,34,5
20380417,ROS ,34,3.8
20380831,ROS ,23,6
20390027,ROS ,34,5
20399274,ROS ,33,9.783333333
20402408,ROS ,34,
20416210,ROS ,33,7.916666667
20431061,ROS ,33,
20431359,ROS ,34,4.5
20433379,ROS ,33,5.9
20439591,ROS ,33,5.416666667
20447343,ROS ,34,10.16666667
20453625,ROS ,23,4.5
20455807,ROS ,33,5.833333333
20465129,ROS ,23,
20472416,ROS ,33,
20474300,ROS ,34,6.033333333
20474724,ROS ,33,4.366666667
20486354,ROS ,33,
20487369,ROS ,23,4
20492186,ROS ,34,5.5
20494368,ROS ,23,5.416666667
20500815,ROS ,33,5
20501668,ROS ,34,3.833333333
20503840,ROS ,33,5.3
20504017,ROS ,34,5.5
20506325,ROS ,33,5
20506451,ROS ,34,
20506587,ROS ,33,4.25
20510687,ROS ,33,4.9
20521752,ROS ,33,8.066666667
20522343,ROS ,33,5.033333333
20524813,ROS ,33,
20530195,ROS ,33,6.166666667
20532115,ROS ,23,5.266666667
20534423,ROS ,23,6.25
20535564,ROS ,34,6.75
20537160,ROS ,34,5.45
20540417,ROS ,33,
20543578,ROS ,,
20544321,ROS ,23,4.283333333
20549538,ROS ,33,6.5
20550027,ROS ,33,2.666666667
20551582,ROS ,33,5.083333333
20555072,ROS ,33,
20557128,ROS ,34,12.96666667
20557542,ROS ,33,4.216666667
20559562,ROS ,23,5
20559986,ROS ,34,
20561642,ROS ,34,6.583333333
20563950,MAP ,,4.366666667
20567738,ROS ,34,7.666666667
20569910,ROS ,33,6.75
20570409,ROS ,33,
20574151,ROS ,23,7.35
20576919,ROS ,33,6.5
20583594,ROS ,33,4.416666667
20584923,ROS ,33,3.5
20594407,ROS ,33,6.866666667
20594669,ROS ,23,3
20596265,ROS ,33,
20602974,ROS ,33,5
20603141,ROS ,23,5
20603727,ROS ,34,7.683333333
20608934,ROS ,33,
20610140,ROS ,33,
20610726,ROS ,33,3.5
20611993,ROS ,33,11.25
20613887,ROS ,33,4.75
20616100,ROS ,33,5.75
20618256,ROS ,33,
20626558,ROS ,33,4.75
20630946,ROS ,33,2.9
20631825,ROS ,33,
20634274,ROS ,23,7.933333333
20643329,ROS ,33,5
20646778,ROS ,34,7.5
20649389,ROS ,33,14.5
20654818,ROS ,34,3.683333333
20656964,ROS ,33,7.8
20660226,ROS ,23,6
20662110,ROS ,22,
20662822,ROS ,34,
20665307,ROS ,33,5.333333333
20667589,ROS ,23,
20674038,ROS ,33,7.333333333
20674902,ROS ,34,6
20682204,ROS ,33,5.083333333
20683921,ROS ,44,5.833333333
20689143,ROS ,33,
20695263,ROS ,33,
20701008,ROS ,34,7.333333333
20706215,ROS ,33,4.45
20712597,ROS ,23,6
20718719,ROS ,33,5.583333333
20721930,ROS ,23,
20723662,ROS ,34,5
20726273,ROS ,34,4.833333333
20728617,MAP ,,
20729046,ROS ,33,9.333333333
20730959,ROS ,23,3.25
20732429,ROS ,33,4.5
20733146,ROS ,33,7.9
20735030,MAP ,33,
20738353,ROS ,33,
20739782,ROS ,34,5.4
20739944,ROS ,34,10.5
20741150,ROS ,33,
20741998,ROS ,,
20752487,ROS ,33,
20764143,ROS ,,5.75
20764305,ROS ,33,
20767628,ROS ,23,17
20769648,ROS ,24,6.4
20774339,ROS ,33,4.5
20779672,ROS ,34,
20779708,ROS ,34,4.5
20779834,ROS ,34,7.95
20780035,ROS ,34,5.083333333
20787136,ROS ,33,4
20788853,ROS ,34,5.5
20794261,ROS ,33,17
20798913,ROS ,33,7.5
20800682,ROS ,33,5.75
20802602,ROS ,33,
20814944,ROS ,33,
20819999,ROS ,33,7.616666667
20820802,ROS ,33,5
20821943,ROS ,34,4
20834164,ROS ,33,3
20840310,ROS ,34,
20842880,MAP ,33,
20845941,ROS ,34,
20848390,ROS ,33,
20849017,ROS ,33,3.416666667
20849279,ROS ,33,10.53333333
20850218,ROS ,33,8
20853379,MAP ,33,
20857733,MAP ,34,
20860828,MAP ,23,17.96666667
20863565,ROS ,33,
20865035,ROS ,23,8.666666667
20875195,ROS ,33,4.083333333
20877791,ROS ,33,5.75
20882194,ROS ,34,6
20884826,ROS ,33,
20886846,ROS ,23,6.033333333
20892128,ROS ,34,4.4
20895027,ROS ,34,
20897173,ROS ,23,5.416666667
20898476,ROS ,33,7.083333333
20901448,ROS ,33,17.71666667
20902039,ROS ,34,20
20904347,ROS ,34,5
20904509,ROS ,33,3.833333333
20905352,ROS ,24,18
20906079,ROS ,23,9
20906231,ROS ,34,22.03333333
20906493,ROS ,33,17.58333333
20907246,ROS ,33,5.75
20907534,MAP ,34,6.5
20909680,ROS ,34,22.61666667
20911508,ROS ,34,8
20912225,ROS ,33,
20912775,ROS ,34,21.75
20914669,ROS ,24,8.166666667
20917568,ROS ,33,4.716666667
20917694,ROS ,34,11.23333333
20920239,ROS ,24,10.11666667
20920653,ROS ,34,8.716666667
20921532,ROS ,33,
20921794,ROS ,33,
20922259,ROS ,33,4.666666667
20923002,ROS ,33,6
20925446,ROS ,33,3
20925996,ROS ,33,3.916666667
20927178,ROS ,33,3.083333333
20927880,ROS ,33,17
20928183,ROS ,34,24
20928345,ROS ,33,19.41666667
20929774,ROS ,33,23.33333333
20933324,ROS ,33,18.75
20934339,ROS ,34,18.63333333
20934591,ROS ,33,6.916666667
20934889,ROS ,33,10
20935218,ROS ,34,2.333333333
20936061,ROS ,34,
20936223,ROS ,34,3.333333333
20936511,ROS ,23,
20938081,ROS ,33,8.333333333
20938117,ROS ,34,4.083333333
20939708,ROS ,34,12.41666667
20939834,ROS ,33,7.55
20940035,ROS ,24,
20940611,ROS ,33,
20942767,ROS ,33,16.25
20944237,ROS ,23,3
20945666,ROS ,34,17.41666667
20946121,ROS ,33,12.5
20946257,ROS ,34,27
20946545,ROS ,34,18.5
20947550,ROS ,34,3.116666667
20948277,ROS ,34,4.833333333
20949570,ROS ,23,
20950807,ROS ,33,18.75
20951100,ROS ,23,9.416666667
20952377,ROS ,33,14.33333333
20952827,ROS ,33,19.28333333
20953832,ROS ,23,5.333333333
20954009,ROS ,33,4.283333333
20954261,ROS ,33,7.1
20954847,ROS ,23,24
20956605,ROS ,33,19.58333333
20956867,ROS ,33,18.21666667
20959216,ROS ,33,8.583333333
20959766,ROS ,33,
20962563,ROS ,33,4.583333333
20963578,ROS ,34,3.916666667
20963866,ROS ,44,16.68333333
20964295,ROS ,34,19.41666667
20965598,ROS ,33,19.58333333
20966477,ROS ,33,4.5
20966891,ROS ,33,2.416666667
20966927,ROS ,34,12.16666667
20968235,ROS ,33,
20968361,ROS ,34,31.6
20968659,ROS ,33,5.416666667
20968785,ROS ,44,
20968947,ROS ,33,
20969088,ROS ,33,9.916666667
20969114,ROS ,34,17.83333333
20969790,ROS ,33,
20970441,ROS ,23,13.5
20971294,ROS ,33,12.33333333
20972759,ROS ,33,14.75
20972911,ROS ,33,
20973340,ROS ,23,
20973638,ROS ,34,
20973890,ROS ,33,13.33333333
20974193,ROS ,33,
20974481,ROS ,33,15.73333333
20974517,ROS ,33,3.716666667
20976799,ROS ,33,9.25
20977678,ROS ,23,3.916666667
20978133,ROS ,33,26.16666667
20980187,ROS ,24,
20983374,ROS ,34,
20983400,ROS ,33,3.166666667
20983950,ROS ,34,
20984415,ROS ,33,18.66666667
20984965,ROS ,33,6.25
20986435,ROS ,33,
20986985,ROS ,,
20987152,ROS ,33,
20988167,ROS ,33,16.03333333
20989910,ROS ,33,10.25
20990085,ROS ,33,4.833333333
20991838,ROS ,,
20993308,ROS ,33,1
20994313,ROS ,33,5.583333333
20995742,ROS ,33,4.433333333
20996621,ROS ,33,3.5
20997924,ROS ,24,4
20998065,ROS ,33,8.5
20999232,ROS ,33,11
21000054,ROS ,34,7.416666667
21000180,ROS ,33,4.85
21000216,ROS ,23,10
21000342,ROS ,33,8.583333333
21000478,ROS ,34,8.9
21000504,ROS ,33,6.25
21000630,ROS ,33,4.716666667
21000766,ROS ,33,4.083333333
21000892,ROS ,33,
21000928,ROS ,23,7.7
21001069,ROS ,34,54.08333333
21001195,ROS ,33,6.383333333
21001221,ROS ,34,9.733333333
21001357,ROS ,33,15.7
21001483,ROS ,24,
21001519,ROS ,34,5.75
21001645,ROS ,34,9.183333333
21001771,ROS ,23,5.833333333
21001807,ROS ,33,5.333333333
21001933,ROS ,33,4.833333333
21002074,ROS ,33,9.533333333
21002100,ROS ,23,18.25
21002236,ROS ,33,
21002498,ROS ,33,
21002524,ROS ,33,10.58333333
21002650,ROS ,34,
21002812,ROS ,23,5.333333333
21101658,ROS ,33,5.583333333
21103542,ROS ,33,
21104269,ROS ,33,
21104395,ROS ,33,14.75
21104719,ROS ,23,27.58333333
21108911,ROS ,33,4.416666667
21111718,ROS ,33,11.75
21112011,ROS ,33,5.75
21113576,ROS ,33,17.83333333
21113864,ROS ,33,3.583333333
21114031,ROS ,44,8
21114905,ROS ,,
21117192,ROS ,33,2.583333333
21117516,ROS ,33,14.25
21119086,ROS ,23,
21120287,ROS ,33,3.833333333
21123050,ROS ,33,19
21123474,ROS ,23,11.51666667
21123636,ROS ,33,19.3
21125782,ROS ,34,19.83333333
21125818,ROS ,33,8.2
21126085,ROS ,33,2.25
21126823,ROS ,33,6.283333333
21128131,ROS ,33,18
21131352,ROS ,33,11.41666667
21131938,ROS ,34,4.466666667
21133372,ROS ,33,8.5
21135130,ROS ,33,7.75
21135554,ROS ,33,16.93333333
21135680,ROS ,33,23.91666667
21137312,ROS ,33,17.16666667
21138327,ROS ,33,4
21138877,ROS ,33,4.833333333
21140119,ROS ,33,3.416666667
21142003,ROS ,23,7
21144023,ROS ,23,
21144735,ROS ,33,5.083333333
21145740,ROS ,23,13.41666667
21145876,ROS ,33,5.816666667
21151608,ROS ,33,11.5
21152875,ROS ,33,
21153754,ROS ,33,
21155350,ROS ,34,5.833333333
21155774,ROS ,33,5
21156103,ROS ,33,5.083333333
21156815,ROS ,33,
21157370,ROS ,34,4.833333333
21157406,ROS ,33,4.75
21158709,ROS ,34,9
21159840,ROS ,44,2.166666667
21160753,ROS ,33,20.65
21162197,ROS ,33,24.58333333
21163364,ROS ,33,
21171080,ROS ,33,3.333333333
21172121,ROS ,34,14
21172257,ROS ,33,
21172383,ROS ,33,
21172545,ROS ,33,
21174303,ROS ,33,9.083333333
21174691,ROS ,33,4.666666667
21175732,ROS ,33,5.833333333
21176459,ROS ,33,12.75
21176585,ROS ,24,2.75
21180423,ROS ,33,11
21180847,ROS ,33,5
21181988,ROS ,23,3.083333333
21183160,ROS ,33,4.333333333
21185180,ROS ,24,6.966666667
21187074,ROS ,33,3.583333333
21188403,ROS ,33,19.16666667
21189544,ROS ,23,4.25
21190619,ROS ,34,3.916666667
21191200,ROS ,34,2.75
21191624,ROS ,33,
21192189,ROS ,33,
21193068,ROS ,33,8
21193770,ROS ,23,
21196129,ROS ,33,12.83333333
21197684,ROS ,34,12
21198987,ROS ,34,3.416666667
21213453,ROS ,33,3.95
21213589,ROS ,23,
21213741,ROS ,,
21213877,ROS ,33,
21214206,ROS ,33,
21214332,ROS ,,
21232118,ROS ,34,5.25
21232244,ROS ,33,9.916666667
21236608,ROS ,34,11
21246218,ROS ,33,3.116666667
21268322,ROS ,34,
21272396,ROS ,23,4.566666667
21274154,ROS ,23,10.35
21274280,ROS ,34,7.25
21274316,ROS ,33,
21274442,ROS ,33,
21274578,ROS ,33,
21274604,ROS ,34,
21274730,ROS ,33,
21274866,ROS ,33,3
21276174,ROS ,23,45
21293107,ROS ,34,6.75
21298738,ROS ,34,9.75
21305588,MAP ,44,
21310305,MAP ,33,
21362537,MAP ,34,5.083333333
21400410,ROS ,33,
21401001,ROS ,33,19.58333333
21401399,ROS ,34,3.833333333
21401713,ROS ,44,
21401849,ROS ,23,
21401975,ROS ,34,
21402016,ROS ,34,1.75
21402304,ROS ,33,3.333333333
21402728,ROS ,33,
21403157,ROS ,33,4.266666667
21403733,ROS ,33,4.8
21403995,ROS ,33,21
21404450,ROS ,33,17
21404748,ROS ,33,
21405591,ROS ,33,
21405627,ROS ,33,1.833333333
21406218,ROS ,33,4.55
21406344,ROS ,33,13
21406768,ROS ,33,24
21406920,ROS ,33,3
21407511,ROS ,23,3.75
21407935,ROS ,33,
21408102,ROS ,34,
21408238,ROS ,34,
21408526,ROS ,24,9.616666667
21408652,ROS ,23,6.283333333
21408940,ROS ,33,4.783333333
21409081,ROS ,33,11.78333333
21409117,ROS ,33,
21409243,ROS ,34,14.5
21411297,ROS ,33,2
21411323,ROS ,33,15.4
21411459,ROS ,34,
21411585,ROS ,33,4.666666667
21411611,ROS ,33,
21411747,ROS ,33,5.966666667
21411873,ROS ,33,3.866666667
21411909,ROS ,33,1.316666667
21412040,ROS ,33,
21412176,ROS ,33,6.416666667
21412338,ROS ,23,45
21412590,ROS ,33,
21412626,ROS ,23,15.33333333
21412752,ROS ,33,1.95
21413181,ROS ,34,2.583333333
21476514,ROS ,,
21539112,MAP ,34,
21608092,MAP ,34,7.916666667
21671585,MAP ,,
21908157,ROS ,33,
21912707,MAP ,33,
21986205,MAP ,33,
22000112,ROS ,34,
22000248,ROS ,33,
22000374,ROS ,33,6.166666667
22000400,ROS ,33,15
22000536,ROS ,33,
22000662,ROS ,33,
22000824,ROS ,34,
22000950,ROS ,,
22001091,ROS ,34,2.5
22001253,ROS ,23,
22016368,MAP ,,
22100125,ROS ,34,
22100251,ROS ,33,
22100387,ROS ,33,
22100413,ROS ,33,17.5
22100675,ROS ,33,8.75
22100701,ROS ,34,
22100837,ROS ,34,
22100963,ROS ,44,
22101004,ROS ,34,23
22101130,ROS ,23,
22101428,ROS ,,
22101554,ROS ,23,
22101680,ROS ,,
22101716,ROS ,,27.5
22101842,ROS ,33,11.5
22101978,ROS ,24,
22102019,ROS ,34,
22102145,ROS ,33,
22143176,MAP ,,
22180329,ROS ,,
22180455,ROS ,33,
22200138,ROS ,34,
22200264,ROS ,,21.88333333
22200390,ROS ,33,
22200426,ROS ,34,
22200552,ROS ,33,
22200714,ROS ,,61
22200840,ROS ,33,
22200976,ROS ,,
22201143,ROS ,23,
22201305,ROS ,33,
22201431,ROS ,33,21.5
22201693,ROS ,34,6.566666667
22201729,ROS ,34,34.5
22201855,ROS ,33,58.5
22201981,ROS ,,
22202022,ROS ,33,3
22202284,ROS ,23,
22202446,ROS ,33,3.95
22202572,ROS ,33,
22202734,ROS ,,
22203163,ROS ,33,
22203299,ROS ,33,4.5
22203451,ROS ,34,
22203901,ROS ,33,
22204592,ROS ,33,26
22204628,ROS ,33,
22204754,ROS ,34,
22204880,ROS ,33,
22204916,ROS ,24,
22205471,ROS ,33,
22206224,ROS ,33,16.5
22206800,ROS ,,
22207239,ROS ,33,
22207365,ROS ,34,
22207491,ROS ,33,
22207527,ROS ,23,5
22207653,ROS ,33,
22207789,ROS ,,
22207815,ROS ,23,
22207941,ROS ,34,
22208082,ROS ,,30
22209547,ROS ,33,
22209673,ROS ,34,8.5
22210036,ROS ,34,6.25
22217425,ROS ,,
22237221,ROS ,34,13
22262132,ROS ,33,
22282488,ROS ,24,
22297917,ROS ,34,29.5
22376533,ROS ,,
22396591,MAP ,33,7.416666667
22401745,ROS ,,
22408684,MAP ,33,10.65
22454720,MAP ,33,
22486606,MAP ,23,
22540345,ROS ,33,
22600332,ROS ,,
22607433,MAP ,,
22644848,MAP ,33,15.66666667
22677865,MAP ,23,98.31666667
22683723,MAP ,33,
22702815,ROS ,23,37.58333333
22711410,MAP ,,
22756805,MAP ,,
22776575,MAP ,34,5.083333333
22789958,MAP ,33,5.783333333
22809217,MAP ,33,2
22813029,MAP ,33,21.75
22832810,MAP ,33,
22865387,MAP ,33,5.833333333
22868024,MAP ,33,5.25
22880976,MAP ,33,
22887653,MAP ,23,
22894364,MAP ,,22.38333333
22903134,MAP ,33,
22925798,ROS ,,15.16666667
22929314,MAP ,,
22937616,MAP ,,
22983464,ROS ,,
23004922,MAP ,33,6
23074480,ROS ,33,
23091099,MAP ,,
23317334,ROS ,33,7.25
23335372,MAP ,,
23354613,MAP ,34,6.85
23491905,ROS ,,
23526379,ROS ,33,
23538323,ROS ,33,
23601829,MAP ,33,
23628564,MAP ,,
23634846,MAP ,33,
23690880,MAP ,23,6.416666667
23698996,ROS ,23,
23791808,MAP ,33,14.16666667
23825005,MAP ,33,
23834736,MAP ,,
23860814,MAP ,34,
23870000,MAP ,34,3.616666667
23892088,MAP ,34,5.9
23895699,MAP ,33,
23896280,MAP ,,
23993132,MAP ,33,
24039289,MAP ,23,5.833333333
24051131,MAP ,33,
24067675,MAP ,34,
24073245,MAP ,33,9.25
24097955,MAP ,33,30.1
24141372,MAP ,33,6.366666667
24185338,MAP ,33,
24219409,MAP ,23,5.35
24242426,MAP ,34,
24250430,ROS ,34,
24310553,MAP ,33,3.833333333
24328729,MAP ,33,13.25
24348651,MAP ,34,
24414506,MAP ,33,4.183333333
24463541,MAP ,33,
24523376,MAP ,,29.08333333
24573038,ROS ,23,
24597324,MAP ,,
24621071,ROS ,33,
24644776,MAP ,23,11.33333333
24644938,MAP ,,
24664996,MAP ,33,8.333333333
24680888,MAP ,34,11.5
24747976,MAP ,33,21.75
24769404,MAP ,33,
24930281,MAP ,33,7.5
24951704,MAP ,33,
24969970,MAP ,33,5.466666667
25031105,ROS ,33,
25065975,ROS ,33,23.25
25139936,ROS ,,
25208104,MAP ,,
25248418,MAP ,33,6.166666667
25254664,MAP ,33,
25254826,MAP ,34,
25274172,MAP ,,
25300551,MAP ,33,6.75
25423133,ROS ,,
25423683,MAP ,23,
25455983,MAP ,33,9.433333333
25464740,MAP ,33,
25475527,MAP ,,
25580771,MAP ,33,5.3
25670598,MAP ,33,10.16666667
25681825,MAP ,33,6.05
25779758,MAP ,34,
25783272,ROS ,33,
25823625,ROS ,33,7
25837301,MAP ,33,9.75
25932369,MAP ,,
25939172,MAP ,34,14
25974431,MAP ,33,
26000004,MAP ,,
26011331,MAP ,33,11.16666667
26082192,MAP ,,
26084536,MAP ,33,
26277139,MAP ,,
26277427,MAP ,23,6.166666667
26330313,MAP ,34,
26334777,MAP ,34,
26334803,MAP ,34,
26337838,ROS ,33,9.083333333
26342529,MAP ,,
26436836,MAP ,,
26468686,MAP ,33,
26498416,MAP ,33,3.566666667
26516467,MAP ,33,
26569730,MAP ,33,5.816666667
26581268,MAP ,34,
26631069,MAP ,44,6.75
26637867,MAP ,33,7.45
26638610,ROS ,,
26671823,MAP ,33,
26722927,MAP ,33,
26795384,MAP ,33,
26801129,MAP ,33,
26929170,MAP ,34,
26938063,MAP ,44,9.5
26975216,MAP ,33,
26992537,MAP ,33,62.4
27054288,MAP ,33,
27083391,MAP ,33,51.65
27143252,ROS ,,
27242962,MAP ,23,6
27313862,MAP ,22,4.833333333
27419385,MAP ,,
27427687,ROS ,34,
27463113,MAP ,23,
27481601,MAP ,34,6.5
27509940,MAP ,34,8.416666667
27552763,MAP ,,
27560777,MAP ,23,6.05
27586957,MAP ,33,5.516666667
27639071,ROS ,33,
27745104,MAP ,33,
27790811,ROS ,,
27803045,MAP ,,
27815387,ROS ,,
27865599,MAP ,23,
27902629,MAP ,,20.8
27908391,MAP ,33,6.083333333
28010966,MAP ,33,
28013603,MAP ,34,
28035843,MAP ,,
28044600,MAP ,33,
28056780,ROS ,34,
28086510,MAP ,34,5.333333333
28120589,MAP ,34,
28127842,MAP ,44,6
28314511,MAP ,33,4.45
28363718,MAP ,33,5.95
28387554,MAP ,,
28388569,MAP ,33,
28517012,MAP ,33,
28628802,MAP ,23,
28663873,MAP ,33,
28680644,MAP ,44,9.6
28776557,MAP ,34,
28855597,ROS ,33,
28875005,MAP ,33,8.75
28875429,ROS ,,
28990733,MAP ,,
29026694,MAP ,33,
29031259,MAP ,,
29049687,ROS ,,
29067201,MAP ,34,
29178839,ROS ,23,5.416666667
29182641,MAP ,34,
29197882,MAP ,33,
29244108,MAP ,23,
29278716,MAP ,33,
29286432,ROS ,34,0.866666667
29306403,MAP ,34,7.416666667
29323436,MAP ,,6.166666667
29399378,MAP ,33,
29403481,MAP ,33,
29444412,MAP ,,
29462612,MAP ,33,
29481089,ROS ,33,
29504823,MAP ,33,
29513392,MAP ,,
29540773,MAP ,33,
29629849,MAP ,34,6.966666667
29803009,ROS ,33,
29806034,MAP ,33,5.666666667
29821047,MAP ,34,6.9
29843151,MAP ,33,
29933130,MAP ,33,4.416666667
30028369,MAP ,33,
30113267,MAP ,,
30132184,MAP ,,
30257786,MAP ,33,5.4
30261598,MAP ,23,
30282435,MAP ,33,7.833333333
30311425,MAP ,34,
30330928,ROS ,,
30456409,MAP ,33,
30473144,MAP ,,
30544882,ROS ,33,7.5
30591933,MAP ,,6.983333333
30597867,MAP ,33,
30604167,MAP ,33,
30663686,MAP ,34,10.75
30711043,MAP ,24,6.5
30751221,ROS ,33,10.98333333
30755009,MAP ,22,5.5
30819298,MAP ,33,8.083333333
31005308,ROS ,34,
31037310,MAP ,33,31
31095950,MAP ,33,
31117527,ROS ,33,13.83333333
31143443,MAP ,34,16.56666667
31156114,MAP ,34,
31183595,MAP ,,
31272569,MAP ,23,
31291350,MAP ,33,7.833333333
31504924,MAP ,33,8.5
31509843,MAP ,33,4.833333333
31533749,MAP ,33,
31578558,MAP ,33,
31586274,MAP ,33,
31587865,MAP ,33,
31593309,ROS ,22,
31680227,MAP ,33,
31701041,MAP ,33,
31726180,MAP ,33,10.33333333
31728786,MAP ,23,8.5
31756046,MAP ,33,4.366666667
31784306,MAP ,,
31813134,MAP ,33,7.7
31824173,MAP ,33,
31908032,ROS ,33,15.25
31914288,MAP ,33,12.75
31924898,ROS ,33,
31989791,MAP ,23,
31999149,ROS ,33,2.666666667
32016379,MAP ,33,5.666666667
32114650,MAP ,34,
32172588,MAP ,33,16.3
32202457,MAP ,34,
32244817,MAP ,34,
32373519,MAP ,,
32383679,MAP ,23,8.25
32400039,MAP ,,
32403488,MAP ,33,28.75
32509875,MAP ,,
32514566,ROS ,,
32533645,MAP ,33,9.583333333
32548912,ROS ,33,
32666549,ROS ,34,10.5
32689956,MAP ,34,38.33333333
32697960,MAP ,34,6.383333333
32699016,MAP ,,
32705437,MAP ,33,13.46666667
32816489,MAP ,33,
32863530,MAP ,33,
32959281,MAP ,34,9.55
32971269,MAP ,33,20.66666667
33006377,MAP ,33,
33062311,MAP ,33,3.75
33084399,MAP ,34,5.416666667
33100582,ROS ,34,9.6
33118460,MAP ,33,
33135105,MAP ,33,
33137549,MAP ,33,7.75
33154734,MAP ,33,
33171505,ROS ,33,
33267670,ROS ,33,29.58333333
33321607,MAP ,33,6.05
33332646,MAP ,34,15.66666667
33360294,MAP ,33,
33360582,MAP ,,
33382696,ROS ,,
33400773,MAP ,23,7.116666667
33411712,MAP ,33,9.033333333
33423630,MAP ,33,6.883333333
33476877,ROS ,33,
33477756,MAP ,33,4.766666667
33501827,MAP ,24,9.5
33571097,MAP ,,
33621924,ROS ,,
33635574,MAP ,33,
33646937,MAP ,33,4.583333333
33657002,MAP ,33,6.933333333
33659310,MAP ,33,
33679954,MAP ,34,5.616666667
33707641,MAP ,33,
33721225,MAP ,33,
33725003,MAP ,22,
33752510,MAP ,,
33781047,MAP ,23,17.41666667
33943805,MAP ,,
34018777,MAP ,33,9.75
34070069,MAP ,23,
34070357,MAP ,33,
34108468,MAP ,33,6.516666667
34135713,MAP ,33,
34185763,MAP ,33,7.883333333
34194494,ROS ,23,
34204567,ROS ,33,4.35
34204855,MAP ,33,
34204981,MAP ,23,
34287534,MAP ,23,6.333333333
34317953,MAP ,33,
34326260,MAP ,34,
34376634,ROS ,33,
34378654,MAP ,,
34383507,ROS ,33,
34386082,ROS ,33,
34453492,MAP ,33,
34524842,MAP ,33,
34542628,MAP ,34,5.7
34726040,MAP ,23,4.666666667
34748028,MAP ,23,10.05
34766480,MAP ,,
34777681,MAP ,33,8.833333333
34779151,ROS ,33,4.5
34781079,MAP ,33,
34846309,MAP ,,11.33333333
34853696,MAP ,33,
34871896,ROS ,33,4.5
34877432,MAP ,,
34962204,MAP ,33,7.05
34999847,MAP ,33,4.25
35003982,MAP ,,
35072859,MAP ,33,6.783333333
35079112,MAP ,33,
35110444,MAP ,34,
35170130,MAP ,33,9
35259170,MAP ,33,11.25
35286551,MAP ,33,11.75
35299510,MAP ,33,8.533333333
35395295,MAP ,,6.466666667
35418615,ROS ,33,
35458631,MAP ,33,9.25
35463458,MAP ,34,7.25
35521263,MAP ,,
35527647,ROS ,33,
35558806,MAP ,33,
35592862,MAP ,33,6.916666667
35668131,ROS ,,6.25
35677998,MAP ,,
35705009,MAP ,33,
35847634,MAP ,33,6.9
35850143,MAP ,,
35908898,MAP ,33,6.083333333
35913453,MAP ,33,10.36666667
35924492,ROS ,33,52.5
35941263,MAP ,34,3.5
35954484,MAP ,,
35967579,MAP ,33,
36010337,MAP ,23,20.5
36087310,MAP ,33,10.53333333
36128228,MAP ,33,
36175667,MAP ,,
36187909,ROS ,,
36211520,ROS ,,
36220549,MAP ,34,8.8
36267530,MAP ,24,8.083333333
36379623,MAP ,33,4.083333333
36379885,MAP ,33,
36487640,MAP ,34,
36492755,MAP ,33,2.916666667
36531643,ROS ,33,
36621208,MAP ,,
36642271,MAP ,,
36645620,ROS ,23,
36646347,MAP ,,4.4
36650023,ROS ,33,
36654487,MAP ,34,
36689398,MAP ,22,9.25
36719393,MAP ,33,
36751041,MAP ,33,4.266666667
36768752,MAP ,,
36773029,MAP ,23,6.083333333
36778498,MAP ,,
36785659,MAP ,,
36791229,MAP ,33,
36805756,MAP ,,
36830117,MAP ,33,6.75
36855706,MAP ,33,
36951779,MAP ,23,5.9
36953249,MAP ,23,
36978388,MAP ,23,
36997205,MAP ,33,
37017884,MAP ,,
37030589,MAP ,33,5.116666667
37065652,MAP ,33,5.5
37070929,MAP ,33,
37085610,MAP ,,12.73333333
37125649,MAP ,33,20.16666667
37135411,ROS ,33,8
37164236,ROS ,33,
37178462,MAP ,33,7.266666667
37190440,MAP ,23,15.66666667
37230055,MAP ,,
37251992,MAP ,23,7.566666667
37280555,MAP ,33,24
37326968,MAP ,,4.183333333
37393077,MAP ,24,6.8
37436329,MAP ,23,6.933333333
37439192,ROS ,,
37439930,MAP ,33,7.583333333
37452211,MAP ,33,9.383333333
37470097,MAP ,33,6.583333333
37527863,MAP ,23,40.8
37529621,MAP ,33,
37617978,MAP ,33,
37664443,ROS ,,30.25
37700720,MAP ,33,
37712486,MAP ,33,10.41666667
37744074,ROS ,,4.75
37750518,MAP ,34,
37759927,MAP ,33,8.016666667
37809304,MAP ,33,
37822559,MAP ,,
37865636,MAP ,23,4.416666667
37866777,ROS ,23,5.383333333
37874781,ROS ,34,
37913381,MAP ,34,
37914710,MAP ,23,
37946272,MAP ,33,
37997363,MAP ,34,
38045464,ROS ,44,
38056377,MAP ,33,6.016666667
38090333,MAP ,33,
38113465,MAP ,34,
38131115,MAP ,,30.91666667
38199917,MAP ,,8.25
38264019,MAP ,,12
38292829,MAP ,33,22.95
38408091,MAP ,,
38496173,MAP ,,
38505079,ROS ,,
38512492,MAP ,,
38512942,ROS ,,
38536940,ROS ,33,
38562992,ROS ,33,
38599661,MAP ,33,
38606123,MAP ,33,6.083333333
38618915,MAP ,23,
38757641,MAP ,,
38831212,MAP ,33,26.08333333
38881712,MAP ,44,
38930922,ROS ,33,
38967303,MAP ,33,6.5
39009384,MAP ,,
39027584,ROS ,33,
39125441,MAP ,33,15.16666667
39130132,MAP ,33,11.95
39136480,MAP ,34,4.916666667
39182814,MAP ,,
39184672,MAP ,,
39226595,MAP ,33,
39236493,MAP ,34,
39250103,MAP ,33,5
39282539,MAP ,34,9.366666667
39304782,MAP ,34,
39316600,MAP ,33,3.666666667
39326472,ROS ,34,
39339855,MAP ,,
39393581,MAP ,33,6.833333333
39405962,MAP ,33,8.55
39407432,MAP ,33,5.766666667
39422733,MAP ,,
39484737,MAP ,33,8.733333333
39539033,MAP ,33,
39541825,MAP ,23,
39618109,ROS ,,
39680713,MAP ,33,11.75
39721045,MAP ,34,16
39800111,MAP ,33,5.25
39809520,MAP ,23,
39898329,MAP ,33,
39989287,MAP ,33,7.75
40034076,ROS ,34,17.91666667
40071481,MAP ,33,7.316666667
40120565,MAP ,,
40208338,MAP ,,
40385646,MAP ,33,4.416666667
40401703,MAP ,34,
40470544,ROS ,33,20.41666667
40485811,MAP ,,
40510997,MAP ,33,5
40530379,MAP ,33,
40530793,MAP ,33,
40600002,MAP ,33,
40611041,MAP ,34,7.7
40622080,MAP ,34,3.333333333
40622530,MAP ,,
40714791,MAP ,,9.166666667
40745950,MAP ,23,
40756151,MAP ,33,4.5
40768529,MAP ,33,8.866666667
40832742,ROS ,,
40871627,MAP ,34,
40880222,MAP ,23,7.383333333
40915696,MAP ,23,
40983260,MAP ,33,30.73333333
41076594,MAP ,,
41113886,ROS ,33,
41200966,ROS ,33,
41228878,MAP ,23,8.4
41265021,MAP ,34,5.6
41285665,MAP ,33,5.916666667
41296604,MAP ,33,
41357606,MAP ,33,11.06666667
41400856,MAP ,,
41417981,MAP ,33,9.933333333
41587876,MAP ,33,11.68333333
41635233,MAP ,34,
41725500,MAP ,33,
41731170,MAP ,33,
41746159,MAP ,,
41757198,MAP ,33,
41773404,MAP ,34,7.15
41817635,ROS ,33,19
41828674,MAP ,33,20.75
41871523,MAP ,33,
41891879,MAP ,,
41915754,MAP ,34,
41941382,MAP ,24,
41948357,MAP ,33,
42023091,MAP ,33,6.25
42063693,MAP ,33,
42174519,MAP ,33,3.566666667
42180189,MAP ,,
42186851,MAP ,,
42215265,MAP ,,
42297641,MAP ,44,
42387756,MAP ,23,
42433067,MAP ,24,
42450388,MAP ,44,
42543978,MAP ,33,6.5
42589954,MAP ,44,21.33333333
42592599,ROS ,33,6.916666667
42650016,ROS ,33,
42680008,MAP ,33,5.916666667
42721592,MAP ,33,
42744873,MAP ,,
42747934,MAP ,,
42809527,ROS ,33,22.03333333
42826974,MAP ,33,9.5
42874904,ROS ,33,26.05
42949394,MAP ,33,6.75
42950045,MAP ,33,9.266666667
42988567,MAP ,34,6.033333333
43074402,MAP ,34,3.916666667
43079457,MAP ,,
43116037,MAP ,33,
43119512,MAP ,33,
43126935,MAP ,,
43169148,MAP ,33,
43191312,MAP ,33,
43194059,MAP ,,
43211671,MAP ,33,9.85
43222034,MAP ,,
43346919,ROS ,,
43403133,MAP ,33,
43447351,MAP ,,
43462940,ROS ,33,
43485807,MAP ,33,4.083333333
43510695,ROS ,33,
43536587,MAP ,33,5.616666667
43556383,MAP ,33,
43556969,MAP ,33,
43561786,ROS ,,
43596435,ROS ,33,19.5
43636464,MAP ,34,
43661249,ROS ,33,
43725302,MAP ,,
43872204,MAP ,23,
43954431,MAP ,,
43956299,ROS ,34,
44019405,MAP ,34,6.166666667
44041093,MAP ,34,
44042972,ROS ,33,18.5
44299049,MAP ,34,14.33333333
44413199,MAP ,,
44455423,MAP ,,
44472870,MAP ,33,8.383333333
44655449,MAP ,34,36.28333333
44671043,MAP ,33,13.75
44749170,MAP ,33,10.35
44751386,MAP ,33,7.233333333
44797362,MAP ,33,8.233333333
44842532,MAP ,34,6.816666667
44885033,ROS ,,
44951690,MAP ,33,
44952317,MAP ,33,
44982723,MAP ,,
44985334,MAP ,33,8.383333333
44986637,ROS ,33,
45115248,MAP ,33,4.633333333
45118147,MAP ,,
45122535,MAP ,44,
45212640,MAP ,33,20.83333333
45223689,MAP ,33,
45288456,MAP ,,
45340913,MAP ,,
45352543,MAP ,22,
45417873,ROS ,,
45450112,MAP ,33,5.316666667
45472938,MAP ,,
45481821,MAP ,34,
45487881,ROS ,23,
45500887,ROS ,33,7.5
45503812,ROS ,33,6.8
45514725,MAP ,33,7.75
45524047,MAP ,,
45563760,ROS ,33,
45566083,MAP ,33,3.5
45627085,MAP ,33,
45635549,MAP ,34,7.833333333
45637721,MAP ,,
45662506,MAP ,,
45736305,ROS ,34,16.25
45795112,MAP ,33,61.5
45800230,MAP ,23,5.95
45822920,MAP ,,
45832530,ROS ,34,
45855523,MAP ,33,15.88333333
45866698,MAP ,,
45929458,ROS ,,
45984063,MAP ,33,8
45986371,MAP ,33,
45996017,ROS ,23,
46000440,MAP ,34,6.916666667
46105408,MAP ,33,7.383333333
46110487,MAP ,33,
46178577,MAP ,33,37.55
46186329,MAP ,,
46189516,MAP ,23,6.7
46226934,MAP ,33,
46229419,MAP ,33,
46246604,MAP ,33,3.75
46251007,MAP ,33,6.116666667
46291609,MAP ,33,7.416666667
46317892,MAP ,,
46341086,MAP ,,
46358797,MAP ,23,10.25
46369736,MAP ,23,4.416666667
46396243,ROS ,33,
46433373,MAP ,23,20.46666667
46516939,MAP ,23,
46547648,MAP ,33,6.416666667
46552753,ROS ,33,18.33333333
46561196,MAP ,33,
46614210,MAP ,,
46706471,ROS ,33,9.083333333
46757148,ROS ,34,
46808242,MAP ,33,
46814524,MAP ,34,
46816382,ROS ,,
46909396,MAP ,33,5.883333333
46910335,MAP ,24,8.083333333
46957588,MAP ,33,
47054886,MAP ,34,
47067421,MAP ,33,5.583333333
47071819,ROS ,44,
47104713,MAP ,,
47134381,MAP ,,
47152743,ROS ,33,7.383333333
47189548,MAP ,33,6.683333333
47214624,MAP ,33,
47229991,MAP ,33,
47236602,MAP ,33,5
47315778,MAP ,34,13.75
47348119,MAP ,33,23.91666667
47371712,MAP ,33,
47517840,MAP ,,
47520485,MAP ,33,8.75
47569784,MAP ,,
47619873,MAP ,33,6.066666667
47652086,MAP ,33,6.266666667
47705812,MAP ,33,
47717866,MAP ,,
47923038,MAP ,,
47955338,MAP ,33,
48013463,MAP ,33,5.733333333
48023497,MAP ,23,7.333333333
48104907,MAP ,,
48129208,MAP ,33,
48192539,MAP ,34,
48213489,ROS ,23,
48280200,ROS ,33,
48319614,ROS ,33,4.833333333
48331728,MAP ,33,6.583333333
48451825,MAP ,23,3.816666667
48453395,ROS ,33,
48480640,MAP ,33,4.65
48513418,MAP ,33,
48565938,ROS ,34,
48697089,MAP ,33,6.6
48748345,MAP ,33,5.9
48778463,MAP ,33,
48927424,ROS ,,
49007537,MAP ,33,
49053259,ROS ,33,4.983333333
49070444,MAP ,33,
49094578,MAP ,33,10
49128801,MAP ,,13
49295635,ROS ,33,13.66666667
49297367,MAP ,33,8.266666667
49333806,MAP ,,
49352697,MAP ,,
49380119,MAP ,33,
49428128,MAP ,34,
49429845,MAP ,33,3.75
49452862,MAP ,34,
49507582,MAP ,34,11
49590907,MAP ,33,
49643021,MAP ,33,
49647935,ROS ,33,25
49676048,MAP ,33,5.25
49724793,MAP ,,1.783333333
49766153,MAP ,34,
49772985,MAP ,33,
49845805,MAP ,34,
49918275,ROS ,33,
50100068,MAP ,23,
50100194,MAP ,33,8.75
50100220,MAP ,33,5.833333333
50100356,MAP ,33,
50100482,MAP ,33,6.216666667
50100518,MAP ,33,7
50100644,MAP ,33,
50100770,MAP ,23,6.416666667
50100806,MAP ,33,13.66666667
50100932,MAP ,34,11.98333333
50101073,MAP ,34,4.666666667
50101109,MAP ,23,5.75
50101235,MAP ,33,
50101361,MAP ,33,4.083333333
50101497,MAP ,33,6.166666667
50101523,MAP ,23,4
50101659,MAP ,34,6.916666667
50101785,MAP ,33,8.833333333
50101811,MAP ,33,7.166666667
50101947,MAP ,33,4.5
50102088,MAP ,33,4.466666667
50102114,MAP ,23,6
50102240,MAP ,34,4
50102376,MAP ,33,9.5
50102402,MAP ,,
50102538,MAP ,33,
50102664,MAP ,23,4
50102790,MAP ,33,4.333333333
50102826,MAP ,33,6.5
50102952,MAP ,33,6
50103093,MAP ,33,20.36666667
50103129,MAP ,34,2.916666667
50103255,MAP ,33,14.5
50103381,MAP ,34,5.416666667
50103417,MAP ,33,6.633333333
50103543,MAP ,33,
50103679,MAP ,33,5.75
50103705,MAP ,33,43.33333333
50103831,MAP ,33,
50103967,MAP ,33,12.53333333
50104008,MAP ,33,4.416666667
50104134,MAP ,34,5.333333333
50104260,MAP ,33,19.45
50104396,MAP ,33,6.083333333
50104422,MAP ,33,
50104558,MAP ,33,5.033333333
50104684,MAP ,33,4
50104710,MAP ,34,6.95
50104846,MAP ,34,4
50104972,MAP ,34,5.916666667
50105013,MAP ,24,
50105149,MAP ,34,19.25
50105275,MAP ,34,23
50105301,MAP ,33,7.75
50105437,MAP ,33,7.833333333
50105563,MAP ,33,4.75
50105699,MAP ,34,3
50105725,MAP ,23,21.63333333
50105851,MAP ,33,8.833333333
50105987,MAP ,23,9.083333333
50106028,MAP ,33,5.916666667
50106154,MAP ,33,9.5
50106280,MAP ,33,6.916666667
50106316,MAP ,33,7.783333333
50106442,MAP ,33,7.216666667
50106578,MAP ,33,28.25
50106604,MAP ,33,
50106730,MAP ,33,4
50106866,MAP ,33,7.166666667
50106992,MAP ,34,12.88333333
50107033,MAP ,23,3.316666667
50107169,MAP ,33,3.25
50107295,MAP ,33,5.833333333
50107321,MAP ,34,
50107457,MAP ,24,3.5
50107583,MAP ,33,4.866666667
50107619,MAP ,33,19.5
50107745,MAP ,34,4.833333333
50107871,MAP ,34,5
50107907,MAP ,34,4.166666667
50108048,MAP ,33,7
50108174,MAP ,44,11.5
50108200,MAP ,23,5.833333333
50108336,MAP ,33,7.166666667
50108462,MAP ,23,5.666666667
50108598,MAP ,33,8.166666667
50108624,MAP ,34,17
50108750,MAP ,23,8.333333333
50108886,MAP ,33,7.283333333
50108912,MAP ,33,6.1
50109053,MAP ,33,
50109189,MAP ,23,6.75
50109215,MAP ,34,1.5
50109477,MAP ,34,4.416666667
50109503,MAP ,33,16.5
50109639,MAP ,33,5.416666667
50109927,MAP ,23,5.5
50111971,MAP ,34,12.05
50112274,MAP ,33,11.33333333
50112436,MAP ,34,7.25
50197261,MAP ,33,3.916666667
50197711,MAP ,,
50199993,MAP ,34,6.55
50226251,MAP ,33,4.95
50300084,MAP ,33,4.95
50300110,MAP ,34,12
50300246,MAP ,33,7.416666667
50300372,MAP ,33,4.866666667
50300408,MAP ,33,5.166666667
50300534,MAP ,33,6.25
50300660,MAP ,33,10
50300796,MAP ,34,
50300822,MAP ,34,5.833333333
50300958,MAP ,33,8.466666667
50301099,MAP ,33,9.833333333
50301125,MAP ,33,4.75
50301251,MAP ,23,5.75
50301387,MAP ,24,14.75
50301413,MAP ,33,3
50301549,MAP ,34,6.083333333
50301675,MAP ,23,5.483333333
50301701,MAP ,34,4.183333333
50301963,MAP ,33,4.5
50302004,MAP ,33,11.25
50302130,MAP ,34,
50302266,MAP ,33,7.166666667
50302392,MAP ,33,6
50302428,MAP ,33,3
50302554,MAP ,33,7.75
50302680,MAP ,33,8.583333333
50302716,MAP ,33,5
50302842,MAP ,33,
50302978,MAP ,22,3.5
50303019,MAP ,33,5.616666667
50303145,MAP ,33,14.5
50303271,MAP ,33,17.5
50303307,MAP ,33,10.1
50304024,MAP ,33,7.416666667
50304998,MAP ,33,7.166666667
50305165,MAP ,33,6.416666667
50397601,ROS ,,
50400259,MAP ,34,6.583333333
50400385,MAP ,33,11.91666667
50400411,MAP ,33,
50400673,MAP ,23,
50400709,MAP ,33,7.166666667
50400835,MAP ,23,3.883333333
50400961,MAP ,23,10.5
50401002,MAP ,33,6.033333333
50401264,MAP ,33,5.833333333
50401390,MAP ,33,8.083333333
50401426,MAP ,33,6.666666667
50401714,MAP ,33,
50401840,MAP ,33,
50401976,MAP ,33,8.75
50402017,MAP ,33,6.583333333
50402143,MAP ,24,
50402279,MAP ,34,
50402305,MAP ,33,5.366666667
50402431,MAP ,33,11.25
50402567,MAP ,33,3.616666667
50402693,MAP ,34,8.6
50402729,MAP ,33,8.25
50402855,MAP ,33,6.5
50402981,MAP ,34,6.566666667
50403158,MAP ,33,
50403284,MAP ,33,6.4
50403310,MAP ,23,9.5
50403446,MAP ,33,6.75
50403572,MAP ,33,
50403860,MAP ,33,11.16666667
50403996,MAP ,23,10.23333333
50404037,MAP ,33,4
50404163,MAP ,23,11.15
50404299,MAP ,24,3.5
50404325,MAP ,,
50404451,MAP ,33,
50404749,MAP ,34,3.75
50405042,MAP ,34,9
50405330,MAP ,24,5.333333333
50405592,MAP ,33,4.75
50406057,MAP ,33,6.083333333
50406183,MAP ,34,7
50406345,MAP ,33,5
50406471,MAP ,23,4.216666667
50406633,MAP ,33,3.5
50406769,MAP ,33,
50407486,MAP ,33,8.75
50407800,MAP ,33,5.75
50407936,MAP ,33,80.66666667
50408077,MAP ,34,6.5
50408103,MAP ,34,8
50408239,MAP ,33,8.05
50408365,MAP ,33,
50408491,MAP ,33,6.333333333
50408527,MAP ,33,
50408653,MAP ,34,5.833333333
50408789,MAP ,23,3.45
50408815,MAP ,33,18.25
50408941,MAP ,34,4.75
50409370,MAP ,34,5.666666667
50409406,MAP ,24,7
50409532,MAP ,34,7.416666667
50409668,MAP ,33,
50409794,MAP ,34,
50409820,MAP ,33,8.25
50409956,MAP ,33,6.5
50410021,MAP ,33,7.666666667
50410157,MAP ,33,7.083333333
50410283,MAP ,34,6.416666667
50410319,MAP ,34,3.916666667
50410445,MAP ,33,
50500000,MAP ,34,6.666666667
50500136,MAP ,33,5.916666667
50500424,MAP ,33,8.75
50500550,MAP ,34,5.416666667
50501015,MAP ,34,
50502020,MAP ,23,
50502156,MAP ,,
50502282,MAP ,33,
50502606,MAP ,33,9.75
50551515,MAP ,33,
50629192,MAP ,,
50666895,MAP ,33,5.333333333
50723983,MAP ,,7.216666667
50767363,ROS ,,
50805372,ROS ,,
50846303,ROS ,,
50875092,ROS ,,7.416666667
50957643,MAP ,33,
51039226,MAP ,33,
51129205,MAP ,33,
51153813,ROS ,,
51157141,ROS ,33,11
51164438,MAP ,23,
51176482,ROS ,34,
51225692,MAP ,,
51249014,ROS ,33,
51250891,ROS ,34,
51291110,MAP ,,
51400993,MAP ,33,6.55
51442191,MAP ,23,6
51485304,ROS ,44,14.8
51515723,MAP ,33,
51520126,MAP ,33,10.9
51541487,MAP ,,
51599255,MAP ,33,3.433333333
51622573,MAP ,33,
51624179,MAP ,34,8.25
51650969,MAP ,33,8.333333333
51668135,MAP ,33,12.43333333
51730202,MAP ,33,
51789085,MAP ,,
51791453,MAP ,34,5.7
51802667,MAP ,,
51815338,MAP ,33,6.066666667
51817772,ROS ,33,
51826377,MAP ,23,6.5
51864085,MAP ,34,6.95
51903261,MAP ,33,8.166666667
51938758,MAP ,23,7.166666667
51985809,ROS ,,15.75
52018573,MAP ,44,
52052115,MAP ,33,6.25
52064033,MAP ,23,12
52111511,MAP ,,
52147301,ROS ,34,
52173227,MAP ,33,8.166666667
52175661,MAP ,34,
52178858,MAP ,33,3.933333333
52256919,MAP ,34,
52298793,MAP ,33,9.75
52311825,MAP ,33,7.583333333
52318052,ROS ,22,6
52322864,MAP ,44,
52509923,MAP ,33,4.4
52731249,MAP ,33,
52764842,MAP ,33,6.333333333
52781299,MAP ,33,
52786794,ROS ,33,
52790894,MAP ,,
52794258,ROS ,,
52900006,ROS ,,
52939119,MAP ,33,
52940446,MAP ,33,4.25
52957571,MAP ,23,6.283333333
53023034,ROS ,33,
53082003,MAP ,,11.55
53113301,MAP ,,
53161629,MAP ,,
53180384,MAP ,33,
53192752,MAP ,33,8.2
53200779,MAP ,33,
53216051,ROS ,,
53325119,ROS ,,
53355949,MAP ,34,6.583333333
53356828,MAP ,33,3.616666667
53389845,MAP ,34,4.333333333
53422197,MAP ,33,
53430949,ROS ,,
53495004,MAP ,33,
53519141,ROS ,,
53533437,MAP ,33,
53575211,ROS ,33,
53585533,MAP ,33,
53588568,MAP ,33,10.83333333
53602867,ROS ,34,
53641742,MAP ,34,
53682197,MAP ,33,6.416666667
53709007,ROS ,33,
53727207,MAP ,34,
53772202,MAP ,33,6.583333333
53791255,MAP ,24,
53792846,MAP ,,
53825614,MAP ,33,4.5
53844793,ROS ,33,
53910800,MAP ,,
53932202,MAP ,33,5.566666667
53945397,MAP ,,
53965805,MAP ,33,24.13333333
53969269,ROS ,,
53975677,MAP ,,
54013870,MAP ,,
54034681,MAP ,23,
54063118,MAP ,,
54068587,ROS ,,
54104440,MAP ,33,6.25
54110146,ROS ,34,
54122640,MAP ,33,5.483333333
54324848,MAP ,33,8.75
54458919,MAP ,33,5
54474801,ROS ,23,
54497344,MAP ,,11.35
54519335,MAP ,23,
54539393,MAP ,23,5.9
54559063,MAP ,23,12.5
54571041,MAP ,33,
54572768,MAP ,33,
54612661,MAP ,,
54661156,MAP ,23,
54712250,MAP ,,5.416666667
54739607,MAP ,34,7.133333333
54743671,MAP ,33,
54823338,ROS ,34,20.71666667
54973265,ROS ,,
55025694,MAP ,34,
55061706,MAP ,33,
55069786,MAP ,,
55177253,MAP ,33,8.75
55204773,MAP ,33,
55222423,ROS ,33,
55296057,MAP ,23,
55309029,ROS ,33,
55314846,MAP ,34,
55338718,MAP ,,
55385157,MAP ,,
55392868,MAP ,33,
55462339,ROS ,,
55485458,MAP ,,
55530204,MAP ,33,
55580128,MAP ,33,4.333333333
55583441,MAP ,,6.666666667
55584582,MAP ,,6.966666667
55585885,MAP ,23,5.133333333
55598394,MAP ,34,
55603674,MAP ,33,
55683878,MAP ,,9.416666667
55772716,MAP ,23,5.75
55820335,MAP ,33,12.5
55861780,MAP ,33,
55897318,MAP ,33,7.35
55931125,ROS ,23,
55932428,MAP ,33,9
55943467,MAP ,33,
55994710,MAP ,33,
56025914,MAP ,33,9
56029116,MAP ,34,
56090689,MAP ,33,
56102646,MAP ,33,3.833333333
56180668,MAP ,24,
56214739,MAP ,33,
56263800,MAP ,34,
56265406,ROS ,33,
56266835,MAP ,23,6.883333333
56300228,ROS ,33,
56416937,MAP ,33,
56432243,ROS ,33,7.45
56485516,MAP ,,
56486107,MAP ,33,
56495540,ROS ,,
56569763,MAP ,23,3.75
56603444,ROS ,23,
56629174,MAP ,33,
56670427,MAP ,33,9.1
56696733,MAP ,23,4.716666667
56715113,ROS ,,
56742594,MAP ,,
56751351,MAP ,34,
56800561,MAP ,33,7.166666667
56881644,MAP ,,
56934056,ROS ,34,
56954014,MAP ,,
56961563,MAP ,33,
56979865,MAP ,34,9.75
57002539,MAP ,33,9.25
57003706,MAP ,33,7.416666667
57004559,ROS ,,
57220179,ROS ,34,
57251590,MAP ,33,
57273442,ROS ,33,
57291516,ROS ,33,1.25
57293950,MAP ,34,
57311163,MAP ,33,13
57362092,MAP ,,
57366744,MAP ,,
57434619,MAP ,34,7.75
57442623,MAP ,33,
57519169,ROS ,33,6.866666667
57529355,MAP ,33,6.933333333
57597479,MAP ,33,8.416666667
57600441,MAP ,,
57616985,ROS ,23,
57669672,ROS ,,
57691260,ROS ,,
57704818,MAP ,,
57705661,ROS ,33,
57737709,ROS ,34,
57833358,MAP ,23,6
57835666,MAP ,34,14.33333333
57871480,ROS ,,
57954208,MAP ,,
57978468,MAP ,34,5.633333333
57978756,MAP ,33,5.75
58006501,MAP ,33,20.68333333
58014515,MAP ,33,
58051920,MAP ,33,
58108372,MAP ,33,
58143217,MAP ,34,
58171603,MAP ,23,
58199939,MAP ,33,5.366666667
58203880,MAP ,33,
58267192,MAP ,,
58306828,MAP ,34,5.283333333
58326624,MAP ,33,
58331153,MAP ,34,
58458351,MAP ,33,7.25
58501637,MAP ,33,14.25
58531593,MAP ,33,
58542820,ROS ,33,8
58614447,ROS ,33,5.75
58657524,ROS ,34,
58670229,MAP ,,
58677906,MAP ,33,
58748932,ROS ,33,9.416666667
58843576,MAP ,,
58955821,ROS ,33,
59020243,ROS ,33,
59150662,MAP ,33,9.583333333
59165777,ROS ,33,
59166782,MAP ,33,30.16666667
59195633,ROS ,,
59217750,MAP ,33,8.75
59283278,ROS ,,
59306274,MAP ,23,
59320984,MAP ,33,
59356512,MAP ,,
59371363,ROS ,33,24.03333333
59407454,ROS ,34,4.583333333
59449940,MAP ,33,
59497970,MAP ,23,
59500816,MAP ,33,
59598024,MAP ,,
59599165,ROS ,,
59618707,MAP ,33,7.1
59637336,ROS ,23,
59671554,MAP ,33,
59720188,MAP ,,
59756266,MAP ,33,
59789733,MAP ,,
59796318,ROS ,23,6.516666667
59826313,MAP ,,
59865900,MAP ,33,
59920230,ROS ,33,6.25
60043729,MAP ,,
60153630,MAP ,34,7.5
60248664,MAP ,33,4.866666667
60269051,ROS ,33,6.666666667
60278494,MAP ,33,5.633333333
60324967,MAP ,,3.966666667
60346107,MAP ,34,
60370977,MAP ,33,8
60512515,MAP ,,
60593724,MAP ,33,
60598229,ROS ,,
60638122,MAP ,23,
60655605,MAP ,34,6.383333333
60725338,MAP ,23,7.533333333
60747316,MAP ,34,13.2
60788211,ROS ,33,3.916666667
60833355,MAP ,,
60848460,MAP ,34,7
60871487,MAP ,34,7.083333333
60909048,MAP ,33,6.166666667
60922329,MAP ,34,4.5
60961592,MAP ,34,8.583333333
61029627,MAP ,33,9.033333333
61055543,MAP ,33,
61070844,MAP ,,
61074758,MAP ,33,3.466666667
61142759,MAP ,33,2.5
61190491,ROS ,33,
61215831,ROS ,33,4.583333333
61315420,ROS ,33,
61322267,ROS ,34,
61344957,MAP ,33,9.416666667
61389630,MAP ,23,8.266666667
61424038,MAP ,34,
61427487,ROS ,,
61456914,MAP ,,
61490006,MAP ,33,4.366666667
61542827,MAP ,33,
61548175,MAP ,33,
61579172,MAP ,33,
61595488,MAP ,33,
61598125,MAP ,,
61640072,MAP ,33,
61642128,ROS ,,
61649229,ROS ,33,
61709892,MAP ,33,18.16666667
61827429,MAP ,33,4.6
62096056,MAP ,,
62176713,MAP ,23,15.66666667
62301938,MAP ,34,8.833333333
62325648,ROS ,,
62329138,ROS ,33,16.61666667
62367972,MAP ,33,6.5
62398393,MAP ,33,
62404688,MAP ,33,4.5
62449497,MAP ,,
62483327,MAP ,34,4.966666667
62502833,MAP ,,
62524073,ROS ,33,19
62527260,ROS ,23,
62574447,MAP ,33,6.833333333
62578487,MAP ,24,6.083333333
62645059,ROS ,,
62651593,MAP ,33,
62656124,ROS ,33,14.18333333
62656674,ROS ,33,
62693953,MAP ,,
62720059,MAP ,33,8.583333333
62744471,MAP ,,
62764727,ROS ,,
62774463,MAP ,,
62775766,ROS ,33,
62780871,ROS ,33,
62813801,ROS ,,
62937100,ROS ,33,16.51666667
62985554,MAP ,33,4.733333333
63144733,MAP ,23,
63188799,MAP ,33,6.5
63198723,MAP ,44,10.25
63227551,MAP ,33,
63290882,MAP ,34,
63357970,MAP ,24,
63360939,ROS ,33,
63380023,MAP ,44,
63514945,MAP ,33,
63530125,MAP ,,
63551648,MAP ,33,
63649283,MAP ,33,17.28333333
63698192,MAP ,34,
63740337,MAP ,23,
63806122,MAP ,,
63818202,MAP ,23,11.5
63821685,MAP ,33,
63861449,MAP ,33,
63874408,MAP ,33,6.65
63957064,ROS ,,19.25
63986591,MAP ,33,
64030076,ROS ,,
64145770,MAP ,44,
64150173,MAP ,34,9.2
64216968,MAP ,23,14.5
64240152,MAP ,,
64276654,ROS ,34,
64287431,MAP ,33,18.3
64291829,MAP ,24,4.3
64308417,MAP ,,
64336939,MAP ,34,6.583333333
64350487,ROS ,,
64358179,MAP ,34,26
64386439,MAP ,33,
64493027,MAP ,34,3.333333333
64505110,MAP ,23,18.75
64579582,MAP ,,
64635241,MAP ,33,
64777164,ROS ,33,21.66666667
64831489,MAP ,34,
64858250,ROS ,33,
64871117,MAP ,,
64925372,MAP ,33,6.833333333
64997274,MAP ,23,7.116666667
64997850,MAP ,33,5.55
65001607,MAP ,33,6.65
65002324,MAP ,,5
65009263,ROS ,34,
65017989,MAP ,33,
65052086,ROS ,,
65082780,MAP ,33,
65084674,MAP ,33,
65212086,MAP ,,7.283333333
65214844,MAP ,33,16.75
65292866,MAP ,33,4.416666667
65309742,MAP ,33,9.25
65384603,MAP ,33,
65418648,MAP ,,7.3
65499271,MAP ,34,6.5
65531220,MAP ,,
65539462,MAP ,33,6
65580391,MAP ,34,
65608216,MAP ,34,
65652206,MAP ,33,4.516666667
65670406,MAP ,,
65685223,MAP ,33,
65692934,MAP ,33,5.333333333
65736039,MAP ,33,7.75
65778949,MAP ,33,
65838800,MAP ,44,6
65856136,MAP ,33,
65869357,MAP ,,5.966666667
65925304,MAP ,33,
65933570,MAP ,33,
65952361,MAP ,33,5
65990079,MAP ,33,
66065365,MAP ,,
66069855,MAP ,33,
66132199,MAP ,33,
66176579,MAP ,,
66187770,ROS ,34,
66208918,MAP ,,
66219083,MAP ,,
66233829,MAP ,23,
66394957,MAP ,33,10
66398861,ROS ,23,
66406040,MAP ,22,6
66447233,MAP ,33,8.983333333
66451045,MAP ,24,6.516666667
66523086,MAP ,33,
66586257,ROS ,33,9.383333333
66743772,ROS ,33,27.3
66754397,MAP ,34,3.25
66787314,MAP ,23,
66788581,MAP ,,
66800446,MAP ,33,
66848442,ROS ,23,
66891689,ROS ,,
66905828,MAP ,33,
66924745,MAP ,33,8.5
67028432,ROS ,,
67123238,ROS ,34,
67185070,MAP ,23,9.833333333
67195130,ROS ,,
67216828,MAP ,33,6.25
67227993,MAP ,34,
67266328,MAP ,33,8
67364573,MAP ,,5.5
67389298,ROS ,33,
67418026,MAP ,,
67429065,MAP ,33,6.866666667
67510897,MAP ,24,
67531158,MAP ,33,22.5
67546425,MAP ,,
67583092,MAP ,,
67628490,MAP ,33,14.76666667
67632202,MAP ,33,
67725478,MAP ,23,13.25
67819497,ROS ,,15.83333333
67831051,MAP ,23,
67867841,MAP ,,
67872082,MAP ,33,
67894060,MAP ,,
67946467,MAP ,34,11.26666667
67990169,MAP ,,
68005345,MAP ,23,7.833333333
68015667,MAP ,34,6
68030544,MAP ,,
68092250,ROS ,33,
68217991,MAP ,33,
68240882,MAP ,,
68319050,ROS ,33,13.25
68361020,ROS ,33,24
68371216,MAP ,,
68419063,MAP ,33,8.25
68481703,MAP ,34,7.083333333
68523464,ROS ,,
68525196,MAP ,33,8.75
68539908,MAP ,33,9.583333333
68611261,MAP ,33,
68671371,ROS ,34,17.75
68674694,MAP ,,
68725248,MAP ,34,6.116666667
68745332,MAP ,33,7.916666667
68772001,MAP ,44,
68773728,MAP ,,
68778359,MAP ,34,21.73333333
68792357,MAP ,,
68813045,MAP ,34,
68815227,MAP ,,
68914513,MAP ,33,10.28333333
68977784,MAP ,23,4.733333333
69011361,ROS ,33,
69028496,MAP ,,
69087591,MAP ,33,8.616666667
69099545,MAP ,34,
69169016,ROS ,,
69187342,MAP ,33,
69201191,ROS ,34,
69222452,ROS ,,
69331934,MAP ,34,
69398721,MAP ,,
69432088,MAP ,33,5.75
69528865,MAP ,33,
69540555,MAP ,23,
69544171,MAP ,23,4.766666667
69545186,MAP ,,
69559862,ROS ,,
69577198,MAP ,33,8.45
69660076,MAP ,33,9.083333333
69696730,MAP ,,
69757994,ROS ,33,6.733333333
69790233,MAP ,,
69793556,ROS ,,
69834040,MAP ,,
69866926,MAP ,34,7
69920089,MAP ,34,
69924281,MAP ,34,6.466666667
69982407,MAP ,33,6.05
69982533,MAP ,33,4.416666667
69998789,ROS ,,
70153803,MAP ,34,5
70212461,MAP ,23,
70329923,MAP ,33,
70344350,MAP ,,44
70421820,ROS ,33,7.75
70472047,ROS ,33,
70555991,MAP ,,
70625336,MAP ,34,3.65
70636113,MAP ,34,6.333333333
70669392,MAP ,23,
70696773,MAP ,34,
70726480,MAP ,33,8.783333333
70760860,ROS ,23,
70761163,ROS ,33,
70816595,MAP ,33,4.583333333
70830179,ROS ,34,8
70836715,MAP ,33,
70876731,MAP ,,
70883578,MAP ,33,4.5
70913861,MAP ,,
70917649,MAP ,33,6.25
70939627,MAP ,34,
71063018,MAP ,33,
71070017,MAP ,33,
71263584,MAP ,33,5.283333333
71291394,MAP ,34,
71356048,MAP ,33,
71428241,MAP ,23,6.333333333
71507317,ROS ,,
71514280,MAP ,23,6.166666667
71532930,MAP ,33,
71537723,MAP ,33,
71558084,MAP ,33,
71560290,MAP ,33,7.783333333
71592202,MAP ,34,
71598000,MAP ,,
71626373,MAP ,33,4.383333333
71648351,MAP ,33,3.45
71651572,ROS ,33,19.9
71697710,ROS ,,
71727427,MAP ,34,3.533333333
71755101,MAP ,33,
71806467,MAP ,33,4.8
71932972,MAP ,33,
71952642,MAP ,33,
72010353,MAP ,34,
72026185,MAP ,33,
72031614,MAP ,33,
72066525,MAP ,33,12.9
72076711,MAP ,33,
72103655,ROS ,,6.216666667
72128082,MAP ,,
72152564,MAP ,34,
72163639,ROS ,33,
72188804,MAP ,33,4.866666667
72205714,MAP ,22,54.5
72207446,MAP ,34,
72276737,MAP ,33,
72277580,MAP ,,
72324068,MAP ,33,
72343697,MAP ,33,
72347501,MAP ,33,
72419830,MAP ,34,
72448817,MAP ,33,
72452755,ROS ,33,
72491216,ROS ,34,
72498029,MAP ,34,
72560222,MAP ,33,6.5
72571009,MAP ,,
72650337,MAP ,33,6
72659872,MAP ,33,
72717425,MAP ,33,7.916666667
72777797,MAP ,33,6.866666667
72795447,MAP ,33,
72830557,MAP ,33,
72841884,MAP ,33,
72918294,MAP ,24,
72931025,MAP ,24,
73026243,ROS ,34,13.91666667
73033080,MAP ,34,9
73043438,ROS ,33,
73092761,MAP ,,
73111141,MAP ,,
73146926,MAP ,34,12.66666667
73177635,MAP ,33,38.33333333
73272729,ROS ,,
73369061,MAP ,33,
73440571,ROS ,,
73549281,MAP ,33,10
73656031,MAP ,,6.2
73658187,MAP ,33,
73763467,MAP ,33,5.933333333
73810071,ROS ,34,20.25
73943687,MAP ,33,6
73957787,MAP ,33,
73976154,MAP ,34,
74012625,MAP ,33,
74067756,MAP ,33,
74078795,MAP ,33,10.43333333
74105189,ROS ,34,21.5
74174632,MAP ,33,3.983333333
74191827,MAP ,33,
74203334,MAP ,33,6.25
74223004,ROS ,,
74260969,MAP ,,
74284255,MAP ,34,7.333333333
74343949,MAP ,,
74494179,MAP ,23,
74522154,ROS ,23,24
74536966,MAP ,33,
74552010,MAP ,,13.58333333
74564064,MAP ,,9.016666667
74573795,MAP ,,
74587057,MAP ,33,8.566666667
74635126,MAP ,33,6.5
74708460,MAP ,34,
74716500,ROS ,,
74718818,MAP ,24,4.416666667
74753465,MAP ,33,7.75
74797421,MAP ,,
74941699,ROS ,,
74961945,MAP ,33,
75001294,MAP ,34,
75005810,ROS ,33,
75009300,MAP ,33,
75051118,ROS ,33,
75122018,ROS ,23,
75124326,MAP ,,
75140768,ROS ,,
75142238,ROS ,34,6.533333333
75149339,MAP ,,
75161029,MAP ,23,
75169847,MAP ,23,6.166666667
75175129,MAP ,34,8.866666667
75262623,MAP ,34,
75359253,MAP ,44,
75440959,ROS ,,
75458387,MAP ,23,
75495116,MAP ,24,
75495242,MAP ,,
75507759,MAP ,,
75510556,MAP ,33,53.5
75568586,ROS ,33,
75647940,MAP ,33,
75675336,MAP ,33,6.633333333
75726430,ROS ,33,
75797165,MAP ,23,
75833578,MAP ,23,
75861964,MAP ,33,
75862131,MAP ,34,5.916666667
75951655,MAP ,,
75990666,MAP ,34,7.583333333
76008327,MAP ,34,6.083333333
76025224,MAP ,,
76054887,ROS ,33,
76137867,MAP ,34,6.166666667
76152744,MAP ,,
76200101,MAP ,,
76280567,MAP ,34,
76364552,ROS ,33,
76368754,MAP ,,30.38333333
76370708,ROS ,,
76431098,MAP ,33,5.883333333
76542752,MAP ,,
76621666,MAP ,24,33
76647134,ROS ,,3.25
76650481,MAP ,,
76731441,MAP ,33,
76733461,MAP ,44,6.333333333
76755449,MAP ,33,5.25
76867532,MAP ,33,8.166666667
76878571,MAP ,33,
76975135,ROS ,34,
76992870,MAP ,33,
77034013,MAP ,33,
77098163,ROS ,33,10
77108236,MAP ,33,6.916666667
77143621,MAP ,33,5.183333333
77180612,MAP ,33,7.666666667
77239958,MAP ,33,5.666666667
77243760,ROS ,,8
77252103,MAP ,34,
77273914,MAP ,34,23.16666667
77307535,MAP ,,
77330002,MAP ,23,5.666666667
77333587,MAP ,33,
77366180,MAP ,34,
77488045,MAP ,,
77492569,ROS ,23,
77494615,MAP ,,5.433333333
77547027,MAP ,,
77631046,MAP ,44,6.833333333
77658943,ROS ,23,5.616666667
77678875,MAP ,,
77689940,MAP ,33,
77716758,MAP ,33,8.2
77717187,MAP ,,
77743003,MAP ,33,8.333333333
77790442,MAP ,33,
77799851,MAP ,23,
77868579,MAP ,23,18.83333333
77891596,MAP ,33,8.033333333
77970662,MAP ,33,11.41666667
77982292,MAP ,,
77982454,ROS ,33,
77999453,MAP ,34,3.75
78005770,MAP ,,
78010047,MAP ,23,
78047978,ROS ,,
78072753,MAP ,34,6.5
78123271,MAP ,33,26.98333333
78193153,ROS ,33,
78195885,MAP ,33,
78267114,MAP ,33,9.65
78290979,MAP ,,
78300592,MAP ,,
78331049,MAP ,33,
78353027,MAP ,34,7.733333333
78358496,ROS ,,
78410089,MAP ,33,20.16666667
78452313,MAP ,34,6.083333333
78476159,MAP ,33,
78511269,MAP ,33,8.25
78527541,ROS ,,
78657384,MAP ,23,8.05
78707509,MAP ,33,
78724406,MAP ,34,8.083333333
78756706,MAP ,,
78905055,MAP ,33,7.5
78916544,MAP ,23,5.833333333
79087764,MAP ,,
79155639,MAP ,33,6.083333333
79179899,ROS ,,
79355817,ROS ,33,
79384920,MAP ,,
79411152,MAP ,33,
79412879,MAP ,34,
79455082,MAP ,33,
79462793,MAP ,33,
79501267,MAP ,44,5.25
79521487,MAP ,23,7.783333333
79576932,MAP ,33,
79590228,MAP ,33,
79590778,ROS ,33,19.08333333
79626445,ROS ,33,
79680333,MAP ,33,6.433333333
79692387,MAP ,33,6.283333333
79722382,ROS ,,
79742340,MAP ,33,15.75
79769959,MAP ,33,
79803180,MAP ,33,5.166666667
79938680,MAP ,34,7.5
79953855,MAP ,33,
79978444,MAP ,34,
80109400,ROS ,,
80161242,MAP ,34,
80170847,MAP ,,
80187972,MAP ,33,6.166666667
80195562,ROS ,33,
80204332,MAP ,34,
80320651,MAP ,33,
80332605,MAP ,,7.083333333
80333458,MAP ,33,5.333333333
80345114,MAP ,33,
80352799,MAP ,23,
80358209,MAP ,,
80368783,MAP ,23,15.2
80382817,MAP ,,
80432870,MAP ,33,
80450368,MAP ,33,11.83333333
80475245,MAP ,,
80476412,MAP ,,
80487613,MAP ,33,6.916666667
80573076,MAP ,,
80592317,MAP ,23,8.733333333
80606718,MAP ,34,6.166666667
80623039,MAP ,,
80686912,MAP ,,
80713720,ROS ,33,
80745444,MAP ,,
80790863,MAP ,33,4.916666667
80830342,ROS ,33,
80834968,MAP ,,
80851441,MAP ,,
80915504,MAP ,33,42.25
80930779,MAP ,34,9.5
80972841,MAP ,,
80976917,MAP ,,7.5
81009555,ROS ,33,
81086436,MAP ,33,9.416666667
81148605,MAP ,34,
81185560,MAP ,33,
81203511,ROS ,,
81274534,MAP ,33,
81354615,MAP ,33,
81403249,MAP ,33,
81404254,MAP ,,
81455345,MAP ,33,7
81504393,MAP ,33,76.25
81526371,MAP ,34,6.466666667
81569322,MAP ,33,
81576033,MAP ,34,
81622344,MAP ,,
81639479,MAP ,33,
81716101,ROS ,,
81783210,MAP ,33,5.516666667
81795552,MAP ,33,7.916666667
81810992,MAP ,33,
81822360,ROS ,33,
81852640,MAP ,23,4.333333333
81874628,MAP ,34,6.266666667
81902315,ROS ,33,
81941164,MAP ,,38.5
82003527,MAP ,33,5.633333333
82138315,MAP ,33,
82140107,MAP ,33,
82273425,MAP ,,
82317494,MAP ,33,5.75
82320165,MAP ,,
82325110,MAP ,33,6.75
82335720,MAP ,34,5.8
82366015,MAP ,24,
82393658,ROS ,,
82427017,ROS ,33,
82455953,MAP ,33,
82478522,MAP ,33,7.25
82520217,MAP ,33,
82527318,MAP ,33,10.16666667
82617423,MAP ,33,39
82624422,MAP ,23,4.766666667
82643501,MAP ,33,
82647965,MAP ,33,
82673629,ROS ,33,6.133333333
82684406,MAP ,33,19.66666667
82728899,MAP ,23,7.416666667
82736939,MAP ,33,
82780217,MAP ,33,
82858344,MAP ,33,
82890542,MAP ,24,
82935788,MAP ,,
82983006,MAP ,,
82986879,ROS ,33,
83001827,MAP ,33,5.633333333
83004438,MAP ,,5.333333333
83034844,MAP ,34,7.45
83041131,MAP ,,
83092060,MAP ,,
83112293,MAP ,34,
83164399,MAP ,33,8.5
83173570,MAP ,33,10.21666667
83183630,ROS ,33,
83202434,MAP ,,
83211453,ROS ,33,
83216408,MAP ,34,
83351356,MAP ,33,
83419611,MAP ,33,8.716666667
83512785,ROS ,34,20.05
83622722,MAP ,,6
83622984,MAP ,44,
83700171,MAP ,33,
83721144,MAP ,33,
83827117,ROS ,33,
83874718,MAP ,34,
83887227,MAP ,,
83902667,MAP ,33,
83944153,MAP ,34,11.03333333
83984043,MAP ,33,19.5
84032144,MAP ,,
84088280,ROS ,33,
84091825,MAP ,34,17.83333333
84248280,MAP ,33,6.083333333
84417209,MAP ,33,7.5
84483565,MAP ,23,
84525776,MAP ,24,6.433333333
84537270,MAP ,,7.833333333
84563196,MAP ,34,
84568853,ROS ,,
84642424,MAP ,44,5.583333333
84653463,MAP ,33,5.916666667
84732827,MAP ,23,6.75
84858308,MAP ,33,5.95
84896566,MAP ,33,6.166666667
84916951,MAP ,34,8.733333333
84945776,MAP ,33,
84949680,MAP ,23,
84955962,MAP ,33,9.65
85029405,ROS ,33,
85036828,MAP ,33,
85065193,MAP ,33,3.666666667
85065931,MAP ,23,
85171938,MAP ,33,5.183333333
85186331,ROS ,33,
85266386,MAP ,33,
85300481,MAP ,34,5.45
85328131,MAP ,34,5
85336695,MAP ,33,10.83333333
85381302,MAP ,,21.18333333
85395114,MAP ,33,
85479109,MAP ,,
85508351,MAP ,33,9.666666667
85509528,MAP ,33,8.75
85520889,MAP ,,
85527016,MAP ,33,
85534141,ROS ,,
85534565,ROS ,,
85539934,MAP ,33,
85578107,MAP ,33,8.666666667
85580025,ROS ,,
85584353,MAP ,23,11.73333333
85666580,MAP ,33,3.916666667
85762265,MAP ,33,
85925902,MAP ,33,6.916666667
85980779,MAP ,33,19.25
86037865,MAP ,33,
86071821,MAP ,34,5.133333333
86072386,ROS ,24,12.41666667
86094238,ROS ,33,9.5
86127970,MAP ,33,
86177506,MAP ,34,9.75
86183040,ROS ,,35.91666667
86255955,ROS ,,
86274610,MAP ,33,
86295007,MAP ,34,
86408244,MAP ,23,20.5
86420222,MAP ,34,10.2
86471999,MAP ,23,5
86495735,ROS ,34,19.25
86558171,MAP ,,
86600442,MAP ,23,6.5
86635065,ROS ,,
86668820,MAP ,33,
86712535,MAP ,34,7.283333333
86767530,MAP ,33,6.5
86880662,MAP ,23,6.716666667
86901774,MAP ,33,
86903794,MAP ,33,32.58333333
86910081,MAP ,24,
86923888,ROS ,23,
86927378,MAP ,,
86934089,MAP ,33,5.583333333
86937852,MAP ,33,7.75
86947750,MAP ,33,
87013187,MAP ,,
87038802,MAP ,23,5.233333333
87121230,MAP ,33,4.316666667
87179008,MAP ,33,
87194985,ROS ,,
87195990,MAP ,34,6.2
87208386,MAP ,33,8.266666667
87264456,MAP ,33,10.05
87268108,ROS ,33,
87275819,MAP ,33,8.783333333
87311934,ROS ,34,
87330987,MAP ,33,
87386573,MAP ,33,
87410220,MAP ,33,7.083333333
87433637,ROS ,33,
87479901,MAP ,,
87555330,MAP ,33,
87585034,MAP ,33,
87604126,MAP ,23,
87645445,MAP ,34,6.683333333
87656510,MAP ,,
87702533,MAP ,23,
87713446,MAP ,,
87779516,MAP ,33,5.333333333
87821751,MAP ,33,
87942151,MAP ,33,9
87948797,MAP ,23,
88001453,MAP ,33,
88015139,MAP ,23,14.33333333
88029789,MAP ,23,6.416666667
88038410,MAP ,23,
88041767,MAP ,,
88042934,ROS ,,
88049747,MAP ,34,
88065189,MAP ,,
88106709,MAP ,33,
88153300,MAP ,,
88182963,MAP ,33,
88385888,ROS ,34,
88488240,MAP ,33,5.983333333
88499289,MAP ,33,7.033333333
88533384,ROS ,33,
88558711,MAP ,44,
88560639,MAP ,,
88703606,MAP ,33,
88777780,ROS ,33,
88790773,ROS ,34,
88799920,MAP ,34,
88837803,MAP ,33,
88869941,MAP ,23,
88901440,MAP ,,
88910757,MAP ,,
88922125,ROS ,33,
88941880,ROS ,23,5.216666667
88961000,MAP ,33,
89000768,ROS ,33,
89001197,ROS ,33,
89001223,MAP ,33,19.36666667
89009591,MAP ,,
89065823,MAP ,34,
89070776,MAP ,,
89110129,ROS ,,
89160755,MAP ,33,
89164957,MAP ,33,5.25
89171820,MAP ,33,
89229449,MAP ,,
89292806,MAP ,,
89333264,MAP ,,
89365726,MAP ,,
89377194,MAP ,33,16.5
89417411,ROS ,,
89437343,MAP ,33,10
89445221,MAP ,23,4.416666667
89461663,MAP ,33,
89512181,MAP ,23,
89515666,MAP ,23,
89546375,MAP ,33,5.833333333
89613947,MAP ,33,8.5
89614402,MAP ,33,5.583333333
89645797,MAP ,33,
89649999,MAP ,33,17.88333333
89800328,MAP ,34,7
89811231,MAP ,33,6.416666667
89815569,ROS ,23,9.75
89835239,MAP ,,
89862872,MAP ,,
89876260,MAP ,33,
89903942,MAP ,33,6.333333333
89912411,MAP ,33,
89925056,ROS ,23,
89929122,MAP ,34,
89968269,MAP ,33,7.583333333
89975556,MAP ,,
90021936,MAP ,34,
90047792,MAP ,,6.916666667
90076229,MAP ,33,7.6
90100426,MAP ,33,6.116666667
90133029,MAP ,34,
90155007,MAP ,33,
90172292,MAP ,,
90173045,MAP ,33,
90224563,MAP ,33,5.55
90254005,MAP ,23,
90267190,MAP ,33,13.58333333
90387747,MAP ,33,
90429110,MAP ,33,
90434801,MAP ,33,5.883333333
90439144,MAP ,33,
90447310,MAP ,33,3.833333333
90496931,MAP ,33,
90536384,MAP ,33,
90544000,MAP ,24,
90544686,MAP ,34,5.666666667
90548040,ROS ,,
90559953,MAP ,33,
90581541,MAP ,23,
90593045,ROS ,,
90613980,ROS ,33,11.88333333
90661046,MAP ,34,7.25
90780976,MAP ,33,5.75
90805280,MAP ,23,
90821208,MAP ,33,7.283333333
90906596,MAP ,33,3.916666667
90942860,MAP ,34,9.5
90977195,MAP ,34,33.36666667
91018909,MAP ,22,8.75
91184728,MAP ,,
91189485,MAP ,33,
91199969,MAP ,33,
91214985,MAP ,23,
91231332,MAP ,23,
91280115,MAP ,33,
91347203,MAP ,34,
91349809,MAP ,23,3.483333333
91444029,MAP ,33,5.8
91525115,MAP ,33,
91546926,MAP ,,
91583467,MAP ,24,
91614215,ROS ,33,
91670673,MAP ,33,
91698297,ROS ,23,
91707643,MAP ,34,6.233333333
91763687,MAP ,33,42
91804757,MAP ,33,6.25
91875770,MAP ,33,
91897758,MAP ,33,5.666666667
91921829,MAP ,33,4.75
91949579,MAP ,33,
92023910,MAP ,33,5
92039030,MAP ,33,
92068279,MAP ,23,
92084459,ROS ,,
92113025,MAP ,33,5.933333333
92194810,MAP ,,
92276597,MAP ,33,
92308774,MAP ,44,
92318546,ROS ,,
92371267,MAP ,33,4.766666667
92374030,ROS ,,
92393245,MAP ,23,8.283333333
92427316,MAP ,33,43.88333333
92454247,MAP ,33,5.966666667
92539409,MAP ,24,
92602617,MAP ,33,
92613520,MAP ,33,4.25
92629514,MAP ,33,5.35
92693724,MAP ,33,
92854153,ROS ,,
92928376,MAP ,33,8.116666667
92959959,MAP ,23,6
92996364,MAP ,33,6.5
93014211,MAP ,33,
93024957,MAP ,34,14.25
93041854,MAP ,34,
93103023,MAP ,23,9.25
93138484,MAP ,,
93154240,MAP ,33,
93333617,MAP ,,
93417026,MAP ,23,
93435488,MAP ,34,
93462021,MAP ,23,4.716666667
93493992,MAP ,33,5.55
93504106,MAP ,34,6
93583845,ROS ,33,15.66666667
93609902,ROS ,,26.5
93667416,MAP ,33,
93697110,MAP ,,
93744562,MAP ,,
93770190,MAP ,33,
93787649,MAP ,33,4.25
93815598,MAP ,33,3.5
93920166,MAP ,,
93966278,MAP ,34,
94092977,MAP ,24,5.716666667
94115009,MAP ,34,
94144536,MAP ,33,8.216666667
94171205,MAP ,33,7.416666667
94205114,MAP ,33,
94225596,MAP ,33,
94328246,MAP ,33,16.36666667
94353607,MAP ,,
94360868,ROS ,,
94362202,MAP ,34,
94370928,ROS ,33,8.5
94372362,ROS ,33,13.53333333
94430339,MAP ,34,8
94463356,MAP ,34,12.06666667
94549523,MAP ,,7.583333333
94593487,ROS ,33,
94630355,MAP ,33,5.916666667
94716946,ROS ,33,
94722642,MAP ,33,13.03333333
94734696,MAP ,33,
94803738,MAP ,33,6.166666667
94828877,MAP ,33,10.5
94829620,MAP ,,
94852511,MAP ,33,6.5
94937061,MAP ,33,
94974890,MAP ,33,7.083333333
95048469,MAP ,34,
95065654,MAP ,,8.716666667
95106300,MAP ,,
95116046,MAP ,34,20.51666667
95127085,MAP ,34,
95161041,MAP ,23,4.333333333
95174398,MAP ,,6.75
95185625,MAP ,33,6.266666667
95252909,MAP ,33,
95266711,MAP ,,
95281012,MAP ,33,
95329283,MAP ,23,4.5
95330358,MAP ,33,7.916666667
95373147,MAP ,33,
95392352,ROS ,33,
95398862,MAP ,,5.15
95437624,ROS ,23,
95439194,MAP ,23,
95442315,MAP ,23,11.6
95453354,MAP ,33,5.466666667
95491648,MAP ,33,5.583333333
95569649,ROS ,,
95600557,MAP ,33,
95620227,MAP ,33,15.23333333
95638231,MAP ,33,
95702616,ROS ,33,
95722836,MAP ,,
95723689,MAP ,33,
95735895,ROS ,,
95770604,MAP ,,
95834893,MAP ,,
95845256,MAP ,33,
95868799,MAP ,34,
95902182,MAP ,33,
95914848,MAP ,33,
95919181,MAP ,33,3.25
95939725,ROS ,,14.41666667
95950374,ROS ,,
96016939,MAP ,33,5.833333333
96074993,ROS ,33,4.716666667
96091926,MAP ,34,7.966666667
96095092,MAP ,23,5.933333333
96140000,MAP ,23,
96177193,MAP ,23,
96189273,MAP ,33,6.25
96192106,MAP ,,
96244639,MAP ,33,6.766666667
96306484,MAP ,34,
96314498,MAP ,33,
96337805,MAP ,33,6.6
96351191,MAP ,33,8
96365589,ROS ,,
96370720,MAP ,,14
96529231,MAP ,33,
96605660,MAP ,,
96612533,MAP ,23,
96741073,MAP ,34,
96783695,ROS ,33,
96843556,ROS ,23,
96892753,MAP ,23,14.68333333
96915597,MAP ,23,
96964794,ROS ,33,
97006937,MAP ,44,5.5
97013486,MAP ,,
97130008,MAP ,33,8.75
97161005,MAP ,34,
97220113,MAP ,33,7.433333333
97264179,MAP ,33,11.58333333
97411796,ROS ,33,8.25
97449632,MAP ,33,8.2
97478169,MAP ,33,
97498839,MAP ,33,
97749823,MAP ,23,71.68333333
97775875,MAP ,33,9.15
97778512,MAP ,,
97859996,MAP ,34,
97882751,MAP ,33,5.25
97922104,ROS ,33,
97929179,ROS ,34,4
97989289,MAP ,,
98001040,MAP ,,
98057924,MAP ,,
98096223,MAP ,33,15.63333333
98186040,MAP ,33,
98273670,MAP ,33,
98310098,ROS ,,
98322204,MAP ,34,5.05
98388248,MAP ,34,18.33333333
98430933,MAP ,33,7.416666667
98439054,ROS ,,
98506202,MAP ,33,
98566448,ROS ,,
98625132,MAP ,,8.266666667
98627990,ROS ,34,22
98844813,MAP ,44,
98866341,MAP ,,
98919041,MAP ,33,5.333333333
98953007,MAP ,34,6
98993573,ROS ,33,
99041674,MAP ,33,
99110004,MAP ,33,6.25
99147061,MAP ,,
99151323,MAP ,34,
99210431,MAP ,,
99278233,MAP ,33,3.466666667
99367207,MAP ,23,
99516006,MAP ,,7.883333333
99526580,MAP ,34,
99592710,MAP ,33,5
99625740,ROS ,,
99693576,MAP ,33,
99718754,MAP ,33,
99740180,MAP ,,
99746564,MAP ,34,12.75
99750088,ROS ,33,4.866666667
99750664,MAP ,34,
99809748,MAP ,33,7
99872367,MAP ,,
99893592,MAP ,33,
99911705,MAP ,23,
99969159,MAP ,,
99978916,ROS ,33,8
99982430,MAP ,23,
